vendor_id,name,category,contract_start,contract_end,systems,data_sensitivity,access_type,access_last_used_at,soc2_type2,soc2_expiry,iso27001,gdpr_dpa,breach_notification_sla_hours,breach_history,financial_rating,annual_spend,data_residency,sub_processor_count,concentration_risk,last_assessment_date,under_investigation,contact_name,contact_email
V101,AlphaRisk Cloud,Cloud,2024-03-02,2028-03-01,"AWS S3,Snowflake,Databricks,Splunk,Kafka",HIGH,read_write,2026-06-12T00:00:00,false,,false,false,168,2025-11-21|CRITICAL|Ransomware attack exposed 50000 customer records|2026-03-01|CRITICAL|Insider data exfiltration via API endpoint,CCC,5072000,EU,5,HIGH,2025-09-16,false,Jane Smith,j.smith@alpharisk.cloud
V102,PaymentBreach Inc,Payment,2023-06-03,2027-06-02,"PayCore,Banking API,Visa Gateway,MasterCard API,Fraud Engine",HIGH,read_write,2026-06-07T00:00:00,false,,false,false,168,2025-07-15|CRITICAL|Payment card data stolen from 20000 accounts|2025-12-02|CRITICAL|Database dump of customer PII leaked publicly|2026-04-17|CRITICAL|Third-party script injected ransomware,CCC,5338000,EU,4,HIGH,2025-10-02,false,Robert Chen,r.chen@paymentbreach.com
V103,DataLeak Systems,SaaS,2024-11-02,2027-11-02,"CRM Platform,Email Gateway,Document Store",HIGH,read_write,2026-06-01T00:00:00,false,,false,false,72,2026-03-14|HIGH|Customer PII leaked via misconfigured cloud bucket,BB,4551000,EU,2,MEDIUM,2026-01-16,true,Maria Garcia,m.garcia@dataleak.io
V104,FinRisk ERP,ERP,2022-09-03,2027-09-02,"SAP,Oracle Financials,Treasury System,GL System",HIGH,read_write,2026-06-14T00:00:00,false,,false,true,168,2025-12-06|CRITICAL|Financial records accessed by unauthorised third party,CCC,5996000,EU,3,MEDIUM,2025-11-21,true,David Wilson,d.wilson@finrisk-erp.com
V105,ExpiryCert AG,Cloud,2024-01-17,2028-01-16,"Azure DevOps,GitHub Enterprise,Artifact Registry,Container Registry",HIGH,read_write,2026-06-10T00:00:00,true,2026-05-02,false,false,72,,BB,1271000,EU,2,MEDIUM,2026-02-11,false,Anna Mueller,a.mueller@expirycert.ag
V106,OffshoreGap Corp,SaaS,2024-07-02,2027-07-02,"Analytics Platform,BI Dashboard,Data Warehouse,ML Pipeline",HIGH,read_write,2026-06-03T00:00:00,true,2027-06-03,true,false,72,2025-10-19|MEDIUM|Unauthorised read access to reporting module,BB,9257000,non-EU,3,LOW,2026-01-21,false,Tom Johnson,t.johnson@offshoregap.com
V107,SlowAlert Platform,HR,2023-04-03,2027-04-02,"HRIS System,Payroll Engine,Benefits Portal,Talent Database",HIGH,read_write,2026-06-17T00:00:00,false,,false,true,168,,BBB,3312000,EU,2,LOW,2026-03-03,false,Sarah Lee,s.lee@slowalert.com
V108,WeakRating Ltd,Cloud,2025-02-02,2028-02-02,"Cloud Storage,Compute API,CDN,Load Balancer",HIGH,read_write,2026-06-12T00:00:00,true,2027-09-17,true,true,72,2026-04-07|HIGH|Credential stuffing attack compromised admin console,B,4086000,EU,1,MEDIUM,2026-04-17,false,Michael Brown,m.brown@weakrating.co.uk
V109,MultiBreachCo,ERP,2022-05-03,2027-05-02,"ERP Core,Financial Module,Supply Chain,HR Submodule,Logistics",MEDIUM,read_write,2026-05-22T00:00:00,true,2027-12-03,true,true,72,2025-07-15|HIGH|SQL injection exposed 8000 employee records|2026-05-03|HIGH|Phishing campaign compromised finance team accounts,BB,2060000,EU,3,MEDIUM,2026-02-21,false,Emma Davis,e.davis@multibreachco.com
V110,ConcentrateMax,Managed Service,2023-08-03,2027-08-02,"Network Infra,Firewall Management,VPN Gateway,SIEM,Monitoring",MEDIUM,read_write,2026-06-07T00:00:00,false,,false,false,72,,BBB,2969000,EU,4,HIGH,2026-01-11,false,Carlos Ruiz,c.ruiz@concentratemax.com
V111,GDPRMissing Ltd,HR,2024-10-02,2027-10-02,"HR Portal,Payroll System,Employee Directory,Benefits Database",HIGH,read,2026-06-12T00:00:00,true,2027-11-03,true,false,72,,BBB,1628000,EU,1,LOW,2026-04-03,false,,
V112,ISOGap Platform,SaaS,2025-01-02,2029-01-01,"CRM,Marketing Automation,Lead Database,Campaign Manager",HIGH,read,2026-05-27T00:00:00,true,2027-08-17,false,true,72,,A,5999000,EU,2,LOW,2026-03-17,false,,
V113,StaleAssess Inc,Cloud,2024-05-02,2027-05-02,"Object Storage,Lambda Functions,RDS Database,Queue Service",MEDIUM,read_write,2026-06-03T00:00:00,true,2027-07-03,true,true,72,,A,5088000,EU,2,LOW,2025-03-11,false,,
V114,SubprocMany Corp,Managed Service,2023-11-03,2027-11-02,"NOC Platform,SIEM,Ticketing System,Log Aggregator,Patch Management",MEDIUM,read,2026-05-17T00:00:00,true,2027-10-03,true,true,48,,BBB,5914000,EU,8,MEDIUM,2026-02-02,false,,
V115,WeakFinance SaaS,SaaS,2025-03-02,2028-03-01,"Analytics Dashboard,API Gateway,Reporting Engine,Export Service",MEDIUM,read_write,2026-06-10T00:00:00,true,2027-09-03,true,true,72,,B,3239000,EU,2,LOW,2026-05-03,false,,
V116,NearExpiry AG,Cloud,2024-04-02,2027-04-02,"DevOps Pipeline,Code Repository,Build Server,Package Registry",MEDIUM,read_write,2026-06-14T00:00:00,true,2026-07-12,true,true,72,,A,7433000,EU,1,LOW,2026-04-22,false,,
V117,MediumRisk ERP,ERP,2023-07-03,2027-07-02,"ERP Lite,Inventory Module,Vendor Portal,Approval Workflow",MEDIUM,read_write,2026-05-30T00:00:00,false,,false,true,72,,BBB,2763000,EU,2,LOW,2026-03-22,false,,
V118,NonEU DataCorp,Cloud,2024-09-02,2027-09-02,"Data Lake,ETL Pipeline,Analytics Store,Stream Processor",MEDIUM,read,2026-06-07T00:00:00,true,2027-05-03,true,false,72,,BBB,4922000,non-EU,3,LOW,2026-03-01,false,,
V119,SlowSLA Platform,HR,2023-03-03,2027-03-02,"HR Core,Benefits Administration,Time Tracking,Expense System",MEDIUM,read,2026-06-03T00:00:00,true,2027-06-17,true,true,168,,A,4050000,EU,1,LOW,2026-04-12,false,,
V120,ConcentMedium Co,SaaS,2024-12-02,2027-12-02,"SaaS Platform,API Layer,User Analytics,Integration Hub",HIGH,read,2026-06-12T00:00:00,true,2027-12-03,true,true,72,,BBB,127000,EU,2,MEDIUM,2026-05-22,false,,
V121,OldAssessment AG,Consulting,2022-01-02,2028-01-02,"SharePoint,Email Platform,File Storage,Project Tracker",HIGH,read,2026-04-17T00:00:00,true,2027-08-03,true,true,72,,A,9264000,EU,1,LOW,2025-01-06,false,,
V122,SubchainHeavy,SaaS,2025-01-02,2029-01-01,"Marketing Platform,Attribution Engine,Ad Network API,Pixel SDK,Tag Manager",MEDIUM,read,2026-06-10T00:00:00,true,2028-01-03,true,true,48,,BBB,4353000,non-EU,9,LOW,2026-04-03,false,,
V123,TrustPay Ltd,Payment,2024-06-02,2027-06-02,"Payment Gateway,Fraud Detection Engine",LOW,read,2026-06-12T00:00:00,true,2027-09-03,true,true,24,,AA,8804000,EU,1,LOW,2026-05-17,false,,
V124,SecureCloud Inc,Cloud,2024-01-03,2029-01-01,"Object Storage,CDN Service",LOW,read,2026-06-07T00:00:00,true,2028-03-02,true,true,48,,A,5202000,EU,1,LOW,2026-05-22,false,,
V125,ComplianceFirst,Security,2023-10-03,2027-10-02,"SIEM Platform,Vulnerability Scanner,Threat Intelligence",LOW,read,2026-06-01T00:00:00,true,2027-11-03,true,true,24,,A,9258000,EU,1,LOW,2026-06-03,false,,
V126,GreenHR Corp,HR,2024-08-02,2027-08-02,"HR Portal,Payroll Lite,Training Portal",MEDIUM,read,2026-06-14T00:00:00,true,2027-07-03,true,true,48,,A,4548000,EU,1,LOW,2026-05-12,false,,
V127,SafeBackup AG,Backup,2023-05-03,2027-05-02,"Backup Storage,DR Orchestration,Snapshot Manager",LOW,read,2026-06-03T00:00:00,true,2027-06-03,true,true,48,,A,3836000,EU,1,LOW,2026-05-27,false,,
V128,TechConsult Pro,Consulting,2024-03-02,2027-03-02,"Project Portal,Document Management,Collaboration Suite",MEDIUM,read,2026-05-22T00:00:00,true,2027-03-03,true,true,72,,BBB,3150000,EU,2,LOW,2026-04-17,false,,
V129,MiniSaaS Ltd,SaaS,2025-06-02,2028-06-01,"App Platform,User Analytics,API Service",LOW,read,2026-06-12T00:00:00,true,2028-06-02,true,true,48,,BBB,3916000,EU,1,LOW,2026-06-01,false,,
V130,BasicERP Corp,ERP,2023-09-03,2027-09-02,"ERP Basic,Reporting Module",LOW,read,2026-06-07T00:00:00,true,2027-09-03,true,true,72,,A,3497000,EU,1,LOW,2026-06-07,false,,
V131,Freetrade Platform,Fintech,2024-12-19,2027-09-23,"Compliance Module,KYC Platform",HIGH,read_write,2026-05-24T00:00:00,false,,false,false,168,2025-11-18|HIGH|API key leaked in public repo; 2k records at risk|2025-07-12|HIGH|API key leaked in public repo; 10k records at risk,B,1615000,EU,2,MEDIUM,2025-04-09,true,,
V132,Hyland Software EU,SaaS,2023-06-22,2030-01-26,"API Layer,SaaS Platform,Admin Console",HIGH,read_write,2026-06-06T00:00:00,false,,false,false,72,2026-01-24|HIGH|SQL injection exposed 5k employee records,CCC,1386000,EU,6,HIGH,2025-11-23,true,,
V133,Metro Bank IT,Fintech,2024-11-03,2028-09-18,"Transaction Engine,Compliance Module,AML System",HIGH,read_write,2026-05-20T00:00:00,false,,false,false,168,2025-09-01|MEDIUM|Log files contained PII; exposed to third-party analytics vendor|2025-08-21|MEDIUM|Log files contained PII; exposed to third-party analytics vendor,BB,7743000,EU,5,HIGH,2025-11-26,true,,
V134,Springworks HR,HR,2023-11-22,2028-11-06,"Payroll Engine,Talent Database,Benefits Admin,HR Portal",HIGH,read_write,2026-06-13T00:00:00,false,,false,false,72,2025-09-08|HIGH|Phishing attack compromised admin credentials; 5k accounts affected|2026-01-26|MEDIUM|Log files contained PII; exposed to third-party analytics vendor,B,1498000,non-EU,6,HIGH,2025-07-14,true,,
V135,Mindtree Security,Security,2025-11-10,2027-09-30,"Vulnerability Scanner,SOC Dashboard,Threat Intelligence,EDR System",HIGH,read_write,2026-06-18T00:00:00,false,,false,false,72,2025-12-12|HIGH|Unpatched CVE exploited; 2k PII records accessed|2026-04-05|HIGH|Unpatched CVE exploited; 2k PII records accessed,BB,5726000,non-EU,5,MEDIUM,2025-06-29,true,,
V136,Sitecore CMS,SaaS,2025-10-28,2031-03-16,"SaaS Platform,User Analytics,Integration Hub,Admin Console",HIGH,read_write,2026-05-19T00:00:00,false,,false,false,168,2025-11-11|MEDIUM|Misconfigured access control allowed cross-tenant data read|2025-10-18|MEDIUM|Log files contained PII; exposed to third-party analytics vendor,BB,9321000,EU,3,HIGH,2025-03-16,true,,
V137,RazorpayX Business,Fintech,2025-04-20,2029-12-28,"KYC Platform,Core Banking,AML System",HIGH,read_write,2026-05-07T00:00:00,false,,false,false,72,2025-09-28|HIGH|Phishing attack compromised admin credentials; 1k accounts affected,CCC,1984000,non-EU,6,MEDIUM,2025-06-23,true,,
V138,Acando Consulting,Consulting,2024-04-03,2027-07-01,"Invoice System,Collaboration Suite",HIGH,read_write,2026-05-28T00:00:00,false,,false,false,72,2026-03-28|MEDIUM|Unencrypted backup exposed briefly on public endpoint|2025-12-05|MEDIUM|Weak password policy led to 10 account takeovers,BB,989000,EU,6,HIGH,2025-06-06,true,,
V139,Publicis Sapient EU,IT Services,2023-04-03,2030-04-17,"Timesheet System,Helpdesk,Knowledge Base",HIGH,read_write,2026-05-31T00:00:00,false,,false,false,168,2026-03-16|HIGH|Misconfigured S3 bucket leaked 20k customer emails,BB,4536000,EU,6,HIGH,2025-05-14,true,,
V140,Wipro Enterprise IT,IT Services,2024-04-04,2030-05-14,"Resource Mgmt,Timesheet System",HIGH,read_write,2026-06-18T00:00:00,false,,false,false,72,2026-03-04|HIGH|SQL injection exposed 10k employee records|2025-11-26|HIGH|Phishing attack compromised admin credentials; 10k accounts affected,B,6736000,non-EU,6,HIGH,2025-09-23,true,,
V141,abas ERP,ERP,2023-12-22,2030-12-16,"ERP Core,Procurement Portal,Reporting Engine",HIGH,read_write,2026-06-03T00:00:00,false,,false,false,168,2026-04-19|HIGH|Phishing attack compromised admin credentials; 2k accounts affected|2025-10-09|HIGH|Misconfigured S3 bucket leaked 2k customer emails,B,2053000,EU,6,HIGH,2025-02-09,true,,
V142,Darwinbox HR,HR,2025-01-30,2027-11-25,"Talent Database,Benefits Admin,Employee Directory,HR Portal",HIGH,read_write,2026-06-04T00:00:00,false,,false,false,72,2025-08-26|HIGH|API key leaked in public repo; 2k records at risk,BB,447000,non-EU,4,MEDIUM,2025-10-26,true,,
V143,Bambora Payments,Payment,2024-02-29,2026-10-20,"Settlement Engine,Reconciliation,Payment Gateway,Merchant Portal",HIGH,read_write,2026-05-31T00:00:00,false,,false,false,168,2025-12-05|HIGH|Phishing attack compromised admin credentials; 5k accounts affected,CCC,9485000,EU,6,MEDIUM,2025-11-07,true,,
V144,GoCardless Direct,Payment,2024-06-14,2028-09-25,"Fraud Detection,Reconciliation,Payment Gateway,Merchant Portal,Settlement Engine",HIGH,read_write,2026-06-09T00:00:00,false,,false,false,168,2025-10-02|MEDIUM|Log files contained PII; exposed to third-party analytics vendor|2025-09-17|MEDIUM|Log files contained PII; exposed to third-party analytics vendor,BB,9022000,EU,5,HIGH,2025-03-05,true,,
V145,Workday Finance EU,Finance,2024-07-28,2028-12-08,"Compliance Portal,Portfolio Mgmt,Trading Platform,Risk Engine,Settlement System",HIGH,read_write,2026-05-23T00:00:00,false,,false,false,168,2025-10-04|MEDIUM|Weak password policy led to 20 account takeovers,B,2805000,EU,6,MEDIUM,2025-10-30,true,,
V146,Mu Sigma Analytics,Analytics,2025-08-05,2030-11-27,"Data Warehouse,ETL Pipeline,BI Dashboard,ML Platform",HIGH,read_write,2026-06-10T00:00:00,false,,false,false,168,2025-08-26|MEDIUM|Unencrypted backup exposed briefly on public endpoint,CCC,6850000,non-EU,2,HIGH,2025-08-14,true,,
V147,Genpact Europe BPO,BPO,2023-05-09,2027-04-26,"CRM Platform,Workflow Engine,Ticket System",HIGH,read_write,2026-05-13T00:00:00,false,,false,false,168,2026-01-11|HIGH|Unpatched CVE exploited; 50k PII records accessed|2025-08-27|MEDIUM|Unauthorised read access to reporting module; 2k rows viewed,BB,119000,EU,3,HIGH,2025-04-24,true,,
V148,Xoriant Solutions,Engineering,2024-10-01,2027-09-02,"Code Repository,Simulation Engine",HIGH,read_write,2026-04-28T00:00:00,false,,false,false,72,2026-04-14|MEDIUM|Misconfigured access control allowed cross-tenant data read,CCC,8790000,non-EU,4,MEDIUM,2025-08-08,true,,
V149,Shawbrook Finance,Fintech,2024-11-01,2031-01-31,"Core Banking,Transaction Engine,AML System,KYC Platform,Compliance Module",HIGH,read_write,2026-04-29T00:00:00,true,,false,false,168,2025-10-13|HIGH|Unpatched CVE exploited; 20k PII records accessed|2026-05-04|CRITICAL|Credential stuffing attack gave full DB access; 2k records exposed|2025-08-16|HIGH|Phishing attack compromised admin credentials; 5k accounts affected,CCC,8580000,EU,3,HIGH,2025-08-18,false,,
V150,Finastra Core Banking,Fintech,2023-08-14,2029-05-28,"Transaction Engine,AML System,KYC Platform,Core Banking",HIGH,read_write,2026-04-23T00:00:00,false,,false,false,168,2026-04-11|HIGH|Misconfigured S3 bucket leaked 1k customer emails|2026-02-10|HIGH|API key leaked in public repo; 2k records at risk|2025-07-08|HIGH|API key leaked in public repo; 10k records at risk,CCC,8159000,EU,5,HIGH,2025-09-27,false,,
V151,SumUp Payments,Payment,2024-12-14,2030-06-15,"Reconciliation,Fraud Detection,Merchant Portal,Payment Gateway",HIGH,read_write,2026-05-15T00:00:00,true,,false,false,168,2025-10-11|CRITICAL|Insider threat: privileged user exfiltrated 50k PII records via API|2025-11-11|CRITICAL|Insider threat: privileged user exfiltrated 10k PII records via API,B,6336000,EU,4,MEDIUM,2025-10-03,false,,
V152,Tungsten Network AP,Finance,2025-07-16,2027-09-08,"Compliance Portal,Settlement System,Portfolio Mgmt,Risk Engine,Trading Platform",HIGH,read_write,2026-05-06T00:00:00,true,,false,false,168,2026-02-13|CRITICAL|Ransomware attack encrypted production data and exfiltrated 20k customer records|2025-09-29|HIGH|Unpatched CVE exploited; 2k PII records accessed,CCC,1585000,EU,5,HIGH,2025-11-17,false,,
V153,Grid Dynamics EU,IT Services,2024-02-17,2026-10-22,"Knowledge Base,Resource Mgmt",HIGH,read_write,2026-05-31T00:00:00,false,,false,false,168,2026-04-30|CRITICAL|Credential stuffing attack gave full DB access; 5k records exposed|2025-07-31|CRITICAL|Insider threat: privileged user exfiltrated 50k PII records via API|2025-08-05|CRITICAL|Insider threat: privileged user exfiltrated 2k PII records via API,B,5871000,EU,4,HIGH,2025-09-26,false,,
V154,Hexaware Analytics,Analytics,2024-09-12,2030-04-02,"Data Warehouse,BI Dashboard,Reporting Portal,ETL Pipeline",HIGH,read_write,2026-05-27T00:00:00,true,,false,false,168,2025-10-16|HIGH|Phishing attack compromised admin credentials; 10k accounts affected|2025-08-09|HIGH|Misconfigured S3 bucket leaked 10k customer emails,B,9045000,non-EU,4,HIGH,2025-09-22,false,,
V155,Volt Open Banking,Fintech,2025-04-28,2028-11-23,"KYC Platform,Transaction Engine,AML System,Core Banking",HIGH,read_write,2026-05-20T00:00:00,true,,false,false,168,2026-04-10|HIGH|Misconfigured S3 bucket leaked 2k customer emails|2025-08-21|CRITICAL|Zero-day exploit led to unauthorised database dump of 2k records,B,2009000,EU,4,HIGH,2025-11-01,false,,
V156,Kpit Technologies,Engineering,2023-03-25,2030-10-12,"CAD Platform,Code Repository,PLM System",HIGH,read_write,2026-04-28T00:00:00,false,,false,false,168,2026-02-25|HIGH|API key leaked in public repo; 5k records at risk|2025-07-23|HIGH|SQL injection exposed 1k employee records,CCC,6753000,non-EU,2,MEDIUM,2025-12-11,false,,
V157,Mahindra Tech Infra,Cloud,2023-06-12,2028-04-29,"Load Balancer,Compute API,Container Registry,Cloud Storage",HIGH,read_write,2026-06-08T00:00:00,true,,false,false,168,2026-05-17|HIGH|API key leaked in public repo; 2k records at risk|2025-12-30|CRITICAL|Supply chain compromise exposed financial data of 10k accounts,CCC,9099000,non-EU,5,MEDIUM,2025-08-19,false,,
V158,Unit4 Finance ERP,ERP,2025-07-14,2031-03-27,"Financial Module,Reporting Engine",HIGH,read_write,2026-04-23T00:00:00,false,,false,false,168,2025-08-25|HIGH|Unpatched CVE exploited; 5k PII records accessed|2025-11-22|HIGH|API key leaked in public repo; 2k records at risk,CCC,3851000,EU,5,MEDIUM,2025-11-04,false,,
V159,Clearhaus Payments,Payment,2023-11-23,2030-12-12,"Payment Gateway,Fraud Detection,Merchant Portal",HIGH,read_write,2026-05-22T00:00:00,false,,false,false,168,2025-10-19|HIGH|API key leaked in public repo; 5k records at risk|2026-04-22|HIGH|SQL injection exposed 50k employee records|2025-12-13|CRITICAL|Insider threat: privileged user exfiltrated 50k PII records via API,B,8200000,EU,2,MEDIUM,2025-10-11,false,,
V160,Modulr Finance,Fintech,2024-07-30,2027-12-31,"Transaction Engine,Core Banking,Compliance Module,AML System",HIGH,read_write,2026-04-23T00:00:00,true,,false,false,168,2025-10-04|HIGH|Unpatched CVE exploited; 1k PII records accessed|2025-11-02|CRITICAL|Supply chain compromise exposed financial data of 10k accounts,CCC,7092000,EU,3,MEDIUM,2025-08-05,false,,
V161,iEnergizer BPO,BPO,2024-05-27,2029-01-28,"Document Store,Email Gateway",HIGH,read_write,2026-05-14T00:00:00,false,,false,false,168,2026-04-21|CRITICAL|Supply chain compromise exposed financial data of 2k accounts|2025-11-19|CRITICAL|Insider threat: privileged user exfiltrated 50k PII records via API|2025-06-19|HIGH|Misconfigured S3 bucket leaked 2k customer emails,B,831000,non-EU,4,MEDIUM,2025-11-17,false,,
V162,Valtech Digital,IT Services,2023-04-03,2027-05-10,"Project Portal,Helpdesk",HIGH,read_write,2026-05-23T00:00:00,false,,false,false,168,2026-04-25|CRITICAL|Ransomware attack encrypted production data and exfiltrated 10k customer records|2025-07-13|HIGH|Unpatched CVE exploited; 2k PII records accessed,CCC,5763000,EU,3,HIGH,2025-10-12,false,,
V163,Temenos Banking,Fintech,2023-11-25,2031-02-03,"Core Banking,AML System,KYC Platform,Transaction Engine",HIGH,read_write,2026-06-01T00:00:00,true,,false,false,168,2026-04-22|CRITICAL|Zero-day exploit led to unauthorised database dump of 20k records|2026-01-16|HIGH|Unpatched CVE exploited; 1k PII records accessed,B,9125000,EU,2,MEDIUM,2025-06-02,false,,
V164,Ingenico Payments,Payment,2025-10-07,2027-11-25,"Fraud Detection,Merchant Portal,Settlement Engine,Payment Gateway,Reconciliation",HIGH,read_write,2026-04-25T00:00:00,false,,false,false,168,2026-04-30|CRITICAL|Credential stuffing attack gave full DB access; 20k records exposed|2026-03-27|CRITICAL|Zero-day exploit led to unauthorised database dump of 10k records,B,6052000,EU,3,HIGH,2025-07-04,false,,
V165,Mollie Payments,Payment,2025-02-19,2029-08-28,"Fraud Detection,Settlement Engine",HIGH,read_write,2026-05-04T00:00:00,true,,false,false,168,2025-11-19|CRITICAL|Ransomware attack encrypted production data and exfiltrated 10k customer records|2025-09-12|HIGH|Unpatched CVE exploited; 20k PII records accessed|2025-12-08|HIGH|SQL injection exposed 5k employee records,CCC,4802000,EU,3,HIGH,2025-09-06,false,,
V166,Nagarro India,IT Services,2024-04-17,2030-02-01,"Project Portal,Helpdesk",HIGH,read_write,2026-06-06T00:00:00,true,2026-05-29,true,false,72,,BB,9217000,non-EU,4,LOW,2026-03-03,false,,
V167,Monzo Business API,Fintech,2025-11-15,2027-09-03,"KYC Platform,Compliance Module,Core Banking,Transaction Engine,AML System",MEDIUM,read_write,2026-05-30T00:00:00,true,2026-01-06,false,true,48,,BB,795000,EU,4,MEDIUM,2026-01-25,false,,
V168,Adyen Merchant Pay,Payment,2023-05-23,2028-07-21,"Payment Gateway,Merchant Portal,Fraud Detection",MEDIUM,read_write,2026-06-06T00:00:00,true,2026-05-16,true,true,48,,BBB,2703000,EU,2,MEDIUM,2026-03-11,false,,
V169,Freshworks Support,SaaS,2023-06-11,2028-05-07,"SaaS Platform,User Analytics,Integration Hub,API Layer,Admin Console",HIGH,read_write,2026-06-10T00:00:00,true,2026-05-14,true,true,72,,A,1315000,non-EU,3,LOW,2026-04-12,false,,
V170,Wordline Payments,Payment,2023-06-11,2026-11-28,"Payment Gateway,Reconciliation,Merchant Portal",HIGH,read_write,2026-05-14T00:00:00,true,2026-04-20,true,false,48,,BB,2548000,EU,3,MEDIUM,2025-12-25,false,,
V171,Rippling HR EU,HR,2025-11-05,2028-04-05,"HR Portal,Employee Directory,Talent Database,Payroll Engine",HIGH,read_write,2026-04-22T00:00:00,true,2026-06-09,false,false,48,,BB,6270000,EU,1,LOW,2025-09-21,false,,
V172,Investcloud Digital,Finance,2025-05-25,2027-05-03,"Trading Platform,Compliance Portal,Settlement System,Risk Engine,Portfolio Mgmt",HIGH,read_write,2026-05-20T00:00:00,true,2026-04-11,false,true,72,,BBB,290000,EU,2,MEDIUM,2025-12-21,false,,
V173,Infor CloudSuite EU,ERP,2023-06-25,2029-03-13,"Procurement Portal,ERP Core,Inventory System",HIGH,read_write,2026-06-09T00:00:00,true,2025-12-28,false,false,48,,BB,726000,EU,3,LOW,2025-09-04,false,,
V174,Persistent DevOps,IT Services,2025-10-12,2027-07-22,"Knowledge Base,Helpdesk,Resource Mgmt",HIGH,read_write,2026-04-22T00:00:00,true,2025-12-30,false,true,72,,BBB,7552000,non-EU,3,MEDIUM,2026-02-20,false,,
V175,Concardis Payments,Payment,2023-04-05,2028-05-12,"Fraud Detection,Reconciliation,Payment Gateway,Merchant Portal",MEDIUM,read_write,2026-05-25T00:00:00,true,2026-06-10,false,true,72,,BBB,3639000,EU,4,MEDIUM,2026-01-29,false,,
V176,Verifone EMEA,Payment,2023-11-10,2029-03-28,"Payment Gateway,Settlement Engine,Reconciliation",HIGH,read_write,2026-06-12T00:00:00,true,2026-04-03,false,true,72,,BB,157000,EU,4,MEDIUM,2025-11-15,false,,
V177,Concentrix EMEA,BPO,2025-03-21,2030-11-27,"Document Store,Workflow Engine,Email Gateway,Ticket System,CRM Platform",HIGH,read_write,2026-05-19T00:00:00,true,2026-01-02,true,true,72,,BB,7611000,EU,4,MEDIUM,2026-01-29,false,,
V178,Luxoft Engineering,Engineering,2025-08-03,2028-10-22,"Test Management,PLM System,Code Repository",MEDIUM,read_write,2026-05-01T00:00:00,true,2026-02-15,true,false,48,,BBB,2404000,EU,2,MEDIUM,2025-10-03,false,,
V179,Kronos Workforce EU,HR,2024-09-20,2030-08-14,"Benefits Admin,Employee Directory,HR Portal,Payroll Engine,Talent Database",MEDIUM,read_write,2026-05-21T00:00:00,true,2026-06-01,false,true,48,,BB,6191000,EU,2,MEDIUM,2025-10-27,false,,
V180,Lionbridge Language,BPO,2025-08-12,2030-08-13,"Workflow Engine,Email Gateway",HIGH,read_write,2026-05-10T00:00:00,true,2026-04-02,false,false,48,,BBB,2723000,EU,2,MEDIUM,2025-11-12,false,,
V181,Transperfect Language,BPO,2023-06-15,2028-10-01,"Workflow Engine,CRM Platform,Document Store,Email Gateway,Ticket System",HIGH,read_write,2026-06-01T00:00:00,true,2026-03-04,false,true,72,,A,8120000,EU,2,LOW,2026-04-11,false,,
V182,Fiserv Core Banking,Fintech,2024-10-30,2030-06-16,"Transaction Engine,Core Banking",HIGH,read_write,2026-06-13T00:00:00,true,2026-03-18,true,false,72,,BBB,5195000,EU,4,LOW,2025-12-14,false,,
V183,Avaloq Banking Suite,Fintech,2023-06-25,2028-04-21,"Core Banking,KYC Platform,Compliance Module,Transaction Engine,AML System",MEDIUM,read_write,2026-06-20T00:00:00,true,2026-03-19,true,false,48,,BB,9209000,EU,1,LOW,2025-10-11,false,,
V184,Sigmoid Analytics,Analytics,2025-07-30,2027-03-25,"Data Warehouse,ETL Pipeline",HIGH,read_write,2026-04-30T00:00:00,true,2026-01-12,true,true,48,,A,980000,non-EU,1,LOW,2026-01-21,false,,
V185,Thought Machine,Fintech,2024-01-20,2027-02-02,"Transaction Engine,AML System",MEDIUM,read_write,2026-04-28T00:00:00,true,2026-01-06,true,true,48,,A,3223000,EU,3,LOW,2026-03-12,false,,
V186,Spine HR Suite,HR,2025-02-02,2027-02-20,"Benefits Admin,Payroll Engine",HIGH,read_write,2026-06-01T00:00:00,false,,false,true,168,,BBB,4742000,non-EU,3,MEDIUM,2025-06-28,false,,
V187,Tata Advanced Sys,IT Services,2024-06-29,2028-03-12,"Knowledge Base,Project Portal",HIGH,read_write,2026-05-31T00:00:00,false,,false,true,72,,BBB,3438000,non-EU,3,MEDIUM,2025-07-28,false,,
V188,GlobalLogic India,Engineering,2025-06-22,2029-09-12,"Simulation Engine,CAD Platform,Code Repository",HIGH,read_write,2026-05-23T00:00:00,false,,false,true,72,,B,7284000,non-EU,1,MEDIUM,2026-02-07,false,,
V189,Tata Elxsi Engineering,Engineering,2025-06-22,2026-12-10,"Simulation Engine,Code Repository",HIGH,read_write,2026-05-05T00:00:00,false,,false,false,168,,B,8137000,non-EU,2,MEDIUM,2026-02-02,false,,
V190,Modis IT Staffing,Staffing,2025-07-01,2030-12-23,"ATS System,Background Check",HIGH,read_write,2026-05-09T00:00:00,false,,false,false,72,,B,1992000,EU,4,MEDIUM,2025-05-18,false,,
V191,Personio HR Germany,HR,2023-10-30,2030-12-26,"Employee Directory,HR Portal,Benefits Admin",HIGH,read_write,2026-04-25T00:00:00,false,,false,true,168,2026-02-13|MEDIUM|Misconfigured access control allowed cross-tenant data read,BBB,3002000,EU,1,MEDIUM,2025-12-26,false,,
V192,IDfy Verification,Security,2024-11-18,2027-11-15,"Vulnerability Scanner,SOC Dashboard,EDR System",HIGH,read_write,2026-05-04T00:00:00,false,,false,false,72,2025-09-22|HIGH|SQL injection exposed 50k employee records,B,404000,non-EU,1,MEDIUM,2025-11-05,false,,
V193,Basware Finance,Finance,2023-06-22,2027-05-01,"Trading Platform,Compliance Portal,Risk Engine,Portfolio Mgmt,Settlement System",HIGH,read_write,2026-05-17T00:00:00,false,,false,true,168,,BB,1513000,EU,1,LOW,2026-03-07,false,,
V194,WNS Global Services,BPO,2025-11-24,2028-08-11,"Ticket System,Workflow Engine,Email Gateway,Document Store,CRM Platform",HIGH,read_write,2026-05-06T00:00:00,false,,false,false,72,2025-12-13|HIGH|Misconfigured S3 bucket leaked 5k customer emails,BB,9180000,non-EU,2,MEDIUM,2025-11-07,false,,
V195,Contentful Headless,SaaS,2025-09-29,2027-08-17,"SaaS Platform,API Layer",HIGH,read_write,2026-04-23T00:00:00,false,,false,true,168,2025-12-19|HIGH|Phishing attack compromised admin credentials; 2k accounts affected,BB,3947000,EU,4,LOW,2025-08-30,false,,
V196,SAP Deutschland GmbH,ERP,2024-10-07,2030-05-29,"Inventory System,Reporting Engine,Procurement Portal,ERP Core",HIGH,read_write,2026-05-26T00:00:00,false,,false,false,72,,BB,1937000,EU,3,LOW,2025-05-19,false,,
V197,IBM India,IT Services,2025-11-28,2030-03-25,"Project Portal,Knowledge Base,Helpdesk,Timesheet System",HIGH,read_write,2026-06-15T00:00:00,false,,false,false,168,,B,8152000,non-EU,1,MEDIUM,2025-12-13,false,,
V198,Atos SE Security,Security,2023-04-29,2029-06-26,"Vulnerability Scanner,SIEM Platform,Threat Intelligence",HIGH,read_write,2026-04-29T00:00:00,false,,false,true,168,,BBB,5686000,EU,1,LOW,2025-09-02,false,,
V199,Velocis Systems,Cloud,2023-08-08,2031-05-08,"Container Registry,Cloud Storage,Load Balancer",HIGH,read_write,2026-04-25T00:00:00,false,,false,false,168,2026-05-21|MEDIUM|Weak password policy led to 5 account takeovers,BBB,6107000,non-EU,2,MEDIUM,2025-08-02,false,,
V200,Rimini Street ERP,ERP,2024-03-30,2029-12-25,"ERP Core,Financial Module,Inventory System,Procurement Portal,Reporting Engine",HIGH,read_write,2026-04-28T00:00:00,false,,false,false,168,,B,7682000,EU,1,MEDIUM,2025-11-25,false,,
V201,Vention Engineering,Engineering,2024-09-11,2027-10-11,"Code Repository,CAD Platform",HIGH,read_write,2026-06-15T00:00:00,false,,false,true,72,,BB,6073000,EU,4,LOW,2025-07-12,false,,
V202,Sopra Steria Group,IT Services,2025-03-04,2029-01-13,"Project Portal,Helpdesk",HIGH,read_write,2026-05-03T00:00:00,false,,false,false,72,2026-03-09|HIGH|Phishing attack compromised admin credentials; 10k accounts affected,B,8413000,EU,2,MEDIUM,2026-03-16,false,,
V203,TCS Digital Services,IT Services,2023-07-19,2031-05-15,"Knowledge Base,Project Portal",HIGH,read_write,2026-05-21T00:00:00,false,,false,false,168,,B,5057000,non-EU,2,LOW,2025-06-23,false,,
V204,Nets Group Payments,Payment,2025-09-08,2030-03-28,"Settlement Engine,Payment Gateway",HIGH,read_write,2026-05-19T00:00:00,false,,false,true,72,,BBB,9244000,EU,1,MEDIUM,2026-02-12,false,,
V205,DXC Technology UK,IT Services,2023-06-17,2030-08-02,"Helpdesk,Resource Mgmt,Timesheet System",HIGH,read_write,2026-06-02T00:00:00,false,,false,false,168,2026-03-24|MEDIUM|Unencrypted backup exposed briefly on public endpoint,BBB,3440000,EU,4,LOW,2026-01-09,false,,
V206,EXL Analytics,Analytics,2023-12-28,2027-12-01,"ETL Pipeline,ML Platform,BI Dashboard",MEDIUM,read_write,2026-04-27T00:00:00,false,2026-11-11,false,false,72,,A,3999000,non-EU,2,LOW,2025-07-17,false,,
V207,Signzy Fintech,Fintech,2025-04-21,2028-01-27,"KYC Platform,Core Banking,Compliance Module,Transaction Engine",MEDIUM,read,2026-05-04T00:00:00,true,,false,false,72,,BB,6544000,non-EU,4,MEDIUM,2025-07-10,false,,
V208,Yapily Open Bank,Fintech,2025-07-21,2028-04-22,"KYC Platform,Compliance Module",HIGH,read,2026-06-13T00:00:00,false,2027-04-14,false,false,168,2026-05-20|MEDIUM|Weak password policy led to 2 account takeovers,BB,4241000,non-EU,4,MEDIUM,2025-08-05,false,,
V209,Hays Technology UK,Staffing,2024-11-20,2030-04-12,"Onboarding Portal,ATS System,Background Check",HIGH,read_write,2026-05-25T00:00:00,true,2027-10-05,false,false,72,2025-09-20|MEDIUM|Unauthorised read access to reporting module; 2k rows viewed,BB,8684000,non-EU,3,MEDIUM,2026-03-23,false,,
V210,HCL TechSolutions,Cloud,2025-05-14,2030-05-16,"CDN,Compute API",HIGH,read,2026-06-04T00:00:00,false,2027-07-22,false,false,168,2025-09-16|MEDIUM|Unencrypted backup exposed briefly on public endpoint,BB,8912000,non-EU,1,LOW,2025-12-07,false,,
V211,Acko Tech Insurance,Fintech,2023-07-12,2030-04-23,"Compliance Module,KYC Platform,Transaction Engine",MEDIUM,read,2026-06-17T00:00:00,false,,false,false,168,,BBB,7366000,non-EU,1,LOW,2025-12-16,false,,
V212,Knowit Consulting,Consulting,2023-04-15,2027-07-21,"Time Tracking,Project Portal,Collaboration Suite",MEDIUM,read,2026-06-05T00:00:00,false,2026-09-04,true,false,48,2025-11-11|LOW|Misconfigured access control allowed cross-tenant data read,BBB,6260000,non-EU,4,MEDIUM,2026-02-23,false,,
V213,Deel Global HR,HR,2024-10-25,2030-06-08,"Employee Directory,Talent Database,Payroll Engine,HR Portal,Benefits Admin",MEDIUM,read,2026-05-01T00:00:00,true,2026-09-15,true,false,168,,BB,2589000,non-EU,3,LOW,2026-02-26,false,,
V214,Accops Systems,Security,2023-05-08,2029-12-07,"SIEM Platform,EDR System,Threat Intelligence,SOC Dashboard",MEDIUM,read_write,2026-04-25T00:00:00,true,,false,false,72,2025-12-28|MEDIUM|Unauthorised read access to reporting module; 50k rows viewed,A,960000,non-EU,4,LOW,2026-01-22,false,,
V215,Razorpay Payments,Payment,2024-09-10,2030-04-25,"Fraud Detection,Payment Gateway,Reconciliation",MEDIUM,read_write,2026-05-12T00:00:00,false,,false,false,48,,A,181000,non-EU,4,LOW,2025-10-28,false,,
V216,Velocity Global EU,HR,2024-11-07,2027-02-11,"HR Portal,Benefits Admin,Payroll Engine",MEDIUM,read_write,2026-05-29T00:00:00,true,2026-09-29,true,false,48,,A,217000,non-EU,5,MEDIUM,2025-09-24,false,,
V217,Banking Circle,Fintech,2024-09-12,2031-04-12,"KYC Platform,Core Banking",MEDIUM,read,2026-05-16T00:00:00,false,2026-09-09,true,false,168,2026-01-08|MEDIUM|Weak password policy led to 50 account takeovers,BB,2677000,non-EU,1,MEDIUM,2025-10-03,false,,
V218,EY India Technology,Consulting,2024-10-05,2027-11-16,"Document Mgmt,Time Tracking,Collaboration Suite",HIGH,read_write,2026-06-10T00:00:00,true,2027-09-29,true,false,72,,A,3778000,non-EU,5,MEDIUM,2025-06-26,false,,
V219,MultiSafepay,Payment,2023-08-26,2029-03-11,"Merchant Portal,Payment Gateway,Fraud Detection",MEDIUM,read,2026-06-15T00:00:00,false,,false,false,168,,BBB,1715000,non-EU,4,MEDIUM,2026-01-31,false,,
V220,Mastech InfoTrellis,Analytics,2024-03-29,2027-11-15,"ML Platform,Reporting Portal",HIGH,read_write,2026-05-22T00:00:00,false,2027-03-08,false,false,72,,A,996000,non-EU,1,LOW,2025-12-19,false,,
V221,Bob HiBob HR,HR,2023-08-06,2029-07-30,"HR Portal,Benefits Admin,Employee Directory,Talent Database,Payroll Engine",HIGH,read_write,2026-06-09T00:00:00,true,,true,false,48,,BBB,7667000,non-EU,5,MEDIUM,2025-12-17,false,,
V222,Sabre Travel Tech,SaaS,2025-01-12,2027-09-05,"Integration Hub,Admin Console,User Analytics,SaaS Platform,API Layer",HIGH,read_write,2026-05-26T00:00:00,true,2026-08-22,false,false,48,,A,8847000,non-EU,4,LOW,2026-04-27,false,,
V223,Quick Heal Security,Security,2023-06-21,2028-05-03,"SIEM Platform,Vulnerability Scanner",HIGH,read_write,2026-05-11T00:00:00,false,2026-09-22,false,false,72,,A,3138000,non-EU,2,LOW,2026-03-28,false,,
V224,RWS Holdings,SaaS,2023-11-16,2030-03-14,"Admin Console,SaaS Platform,API Layer,Integration Hub,User Analytics",HIGH,read_write,2026-04-24T00:00:00,true,2027-08-08,true,false,72,2026-01-01|HIGH|Phishing attack compromised admin credentials; 20k accounts affected,B,8542000,EU,4,LOW,2026-03-14,false,,
V225,SQLI Digital,SaaS,2025-09-23,2030-12-01,"Integration Hub,User Analytics",HIGH,read_write,2026-06-20T00:00:00,true,2028-01-07,false,true,168,2025-12-05|CRITICAL|Zero-day exploit led to unauthorised database dump of 20k records,B,614000,EU,2,LOW,2025-09-06,false,,
V226,Zoho CRM Platform,SaaS,2024-04-12,2028-01-12,"SaaS Platform,API Layer",HIGH,read_write,2026-06-18T00:00:00,true,2027-10-28,false,true,168,2025-09-22|CRITICAL|Insider threat: privileged user exfiltrated 1k PII records via API,B,157000,non-EU,1,MEDIUM,2025-09-28,false,,
V227,K7 Security,Security,2024-01-27,2030-12-06,"Threat Intelligence,Vulnerability Scanner,SIEM Platform,SOC Dashboard,EDR System",HIGH,read_write,2026-04-24T00:00:00,true,2027-09-03,false,true,168,2026-02-05|HIGH|Misconfigured S3 bucket leaked 1k customer emails,BB,1953000,non-EU,2,LOW,2025-11-06,false,,
V228,Tipalti Payments EU,Payment,2023-10-06,2029-04-20,"Merchant Portal,Fraud Detection,Reconciliation,Payment Gateway,Settlement Engine",HIGH,read_write,2026-05-05T00:00:00,false,,false,true,168,2026-02-20|CRITICAL|Zero-day exploit led to unauthorised database dump of 5k records,BB,194000,EU,2,LOW,2025-09-11,false,,
V229,Mettl Assessment,HR,2025-08-25,2029-01-07,"Talent Database,Employee Directory,Payroll Engine,HR Portal",HIGH,read_write,2026-06-13T00:00:00,true,,true,true,72,2026-03-06|HIGH|API key leaked in public repo; 10k records at risk,BBB,615000,non-EU,1,MEDIUM,2025-12-07,false,,
V230,Atom Bank Digital,Fintech,2023-05-30,2026-10-03,"Transaction Engine,AML System",HIGH,read_write,2026-05-15T00:00:00,true,,true,false,168,2025-09-16|CRITICAL|Credential stuffing attack gave full DB access; 50k records exposed,BBB,2567000,EU,2,MEDIUM,2025-08-25,false,,
V231,DataArt Solutions,IT Services,2025-11-15,2030-01-17,"Knowledge Base,Project Portal",HIGH,read_write,2026-05-23T00:00:00,false,2028-01-22,true,false,72,2026-01-20|HIGH|Phishing attack compromised admin credentials; 1k accounts affected,BB,4283000,EU,2,LOW,2025-12-16,false,,
V232,LTIMindtree IT,IT Services,2025-03-10,2027-11-11,"Timesheet System,Project Portal,Knowledge Base",HIGH,read_write,2026-05-30T00:00:00,false,2027-02-20,true,false,72,2025-12-29|HIGH|API key leaked in public repo; 2k records at risk,B,3055000,non-EU,1,MEDIUM,2026-01-24,false,,
V233,Keka HR Software,HR,2025-02-28,2030-06-10,"Payroll Engine,HR Portal,Talent Database,Employee Directory",HIGH,read_write,2026-06-17T00:00:00,false,2026-09-04,false,false,72,2026-04-29|HIGH|Misconfigured S3 bucket leaked 20k customer emails,BBB,5506000,non-EU,3,LOW,2025-09-15,false,,
V234,Cashfree Payments,Payment,2025-11-07,2030-07-17,"Payment Gateway,Fraud Detection,Reconciliation",HIGH,read_write,2026-05-26T00:00:00,true,2027-11-02,true,true,168,2025-11-13|HIGH|API key leaked in public repo; 1k records at risk,BBB,8519000,non-EU,4,LOW,2026-01-31,false,,
V235,Zensar ERP Solutions,ERP,2023-07-03,2027-09-12,"Reporting Engine,Inventory System",HIGH,read_write,2026-05-14T00:00:00,false,,true,false,168,2025-11-17|CRITICAL|Ransomware attack encrypted production data and exfiltrated 10k customer records,BBB,2440000,non-EU,2,LOW,2025-11-15,false,,
V236,Charles River Invest,Finance,2024-12-10,2027-08-23,"Trading Platform,Portfolio Mgmt,Compliance Portal",HIGH,read_write,2026-05-26T00:00:00,false,2026-12-21,false,true,168,2025-11-30|CRITICAL|Ransomware attack encrypted production data and exfiltrated 5k customer records,B,3428000,EU,2,LOW,2025-11-12,false,,
V237,KPMG India Tech,Consulting,2024-11-28,2026-12-26,"Time Tracking,Project Portal,Invoice System,Document Mgmt",HIGH,read_write,2026-05-08T00:00:00,true,2027-05-12,false,false,72,2026-03-11|HIGH|Phishing attack compromised admin credentials; 20k accounts affected,BBB,2126000,non-EU,4,MEDIUM,2025-06-09,false,,
V238,Revolut Business,Fintech,2023-04-14,2027-04-07,"AML System,Core Banking,KYC Platform,Compliance Module",HIGH,read_write,2026-05-27T00:00:00,true,2027-02-13,true,false,72,2026-04-05|HIGH|Misconfigured S3 bucket leaked 2k customer emails,B,3274000,EU,4,MEDIUM,2025-09-16,false,,
V239,Srijan Technologies,SaaS,2023-05-05,2028-08-30,"User Analytics,SaaS Platform",HIGH,read_write,2026-06-19T00:00:00,true,2027-01-15,false,false,168,2026-03-31|HIGH|Misconfigured S3 bucket leaked 1k customer emails,BB,3457000,non-EU,2,MEDIUM,2025-12-12,false,,
V240,Instamojo Payments,Payment,2025-08-05,2027-12-17,"Settlement Engine,Reconciliation,Payment Gateway,Merchant Portal,Fraud Detection",HIGH,read_write,2026-06-18T00:00:00,false,2026-10-31,false,true,72,2025-11-23|CRITICAL|Supply chain compromise exposed financial data of 5k accounts,BBB,8916000,non-EU,3,LOW,2025-07-25,false,,
V241,ClearBank UK,Fintech,2025-08-31,2028-10-18,"Transaction Engine,AML System",HIGH,read_write,2026-05-06T00:00:00,false,2027-07-04,true,false,72,2026-01-25|HIGH|SQL injection exposed 50k employee records,B,9363000,EU,2,LOW,2025-09-13,false,,
V242,Pocket HRMS,HR,2023-09-05,2030-12-12,"Talent Database,Benefits Admin",MEDIUM,read_write,2026-05-05T00:00:00,true,2027-08-09,true,false,168,,BBB,6946000,non-EU,2,LOW,2024-12-18,false,,
V243,Mphasis CloudOps,Cloud,2023-08-17,2027-07-02,"Compute API,Container Registry,CDN,Load Balancer",MEDIUM,read,2026-06-02T00:00:00,true,,false,true,168,,BBB,7330000,non-EU,4,LOW,2025-01-31,false,,
V244,Jack Henry Banking,Fintech,2023-04-08,2030-04-29,"KYC Platform,AML System,Core Banking",HIGH,read,2026-05-01T00:00:00,true,,true,false,48,,BBB,3571000,EU,4,MEDIUM,2024-08-13,false,,
V245,Assystem Engineering,Engineering,2025-04-07,2029-07-06,"CAD Platform,PLM System",HIGH,read_write,2026-05-25T00:00:00,false,2027-05-14,false,true,72,,BBB,7718000,EU,3,MEDIUM,2025-01-19,false,,
V246,CREALOGIX Banking,Fintech,2025-10-12,2027-04-20,"Compliance Module,Core Banking",MEDIUM,read,2026-05-06T00:00:00,false,2026-12-07,false,true,48,,AA,5763000,EU,1,LOW,2024-12-15,false,,
V247,Accenture India,IT Services,2024-01-30,2029-08-12,"Helpdesk,Resource Mgmt,Project Portal,Knowledge Base",HIGH,read_write,2026-06-14T00:00:00,true,2027-09-07,false,false,48,,AA,5479000,non-EU,2,LOW,2024-09-10,false,,
V248,Syntel India,IT Services,2025-01-10,2028-12-15,"Helpdesk,Knowledge Base",MEDIUM,read,2026-06-09T00:00:00,false,2027-04-05,false,false,72,,AA,6276000,non-EU,4,LOW,2025-05-09,false,,
V249,CSS Corp Support,Managed Service,2023-08-21,2029-10-21,"NOC Platform,Patch Management",MEDIUM,read,2026-05-17T00:00:00,false,2027-09-26,true,true,48,,BBB,5654000,non-EU,0,LOW,2024-11-19,false,,
V250,Broadridge Financial,Finance,2025-08-27,2028-01-08,"Risk Engine,Portfolio Mgmt,Compliance Portal,Settlement System",HIGH,read_write,2026-06-14T00:00:00,true,,false,true,72,,AA,214000,EU,1,LOW,2024-09-28,false,,
V251,Tieto EVRY IT,IT Services,2025-01-06,2028-06-27,"Timesheet System,Resource Mgmt",MEDIUM,read,2026-05-27T00:00:00,false,,true,true,48,,A,1713000,EU,2,LOW,2024-10-27,false,,
V252,Bajaj Finserv IT,Fintech,2024-07-23,2030-06-02,"Transaction Engine,KYC Platform,Compliance Module,Core Banking,AML System",MEDIUM,read_write,2026-06-13T00:00:00,false,2028-04-07,false,true,168,,A,8100000,non-EU,1,MEDIUM,2025-02-15,false,,
V253,Firstsource BPO,BPO,2023-08-26,2027-02-15,"CRM Platform,Ticket System,Document Store,Email Gateway,Workflow Engine",HIGH,read,2026-05-31T00:00:00,true,,false,true,72,,A,4263000,non-EU,4,MEDIUM,2024-08-17,false,,
V254,PolicyBazaar Tech,Fintech,2025-08-16,2028-03-10,"Transaction Engine,KYC Platform",MEDIUM,read,2026-06-19T00:00:00,true,,false,true,168,,A,4879000,non-EU,2,LOW,2024-08-11,false,,
V255,Deutsche Telekom IT,Telecom,2023-03-22,2027-09-26,"CDR Processing,OSS Platform",HIGH,read_write,2026-05-26T00:00:00,true,2027-05-29,false,false,48,,BBB,8027000,EU,1,LOW,2024-10-09,false,,
V256,Leapsome HR EU,HR,2025-08-30,2029-05-07,"Employee Directory,Talent Database,Payroll Engine,Benefits Admin,HR Portal",HIGH,read,2026-06-19T00:00:00,true,2027-05-10,true,false,168,,AA,5057000,EU,4,LOW,2025-04-28,false,,
V257,Proactis Procurement,SaaS,2025-11-30,2030-10-22,"Admin Console,Integration Hub",MEDIUM,read_write,2026-06-13T00:00:00,true,2028-04-26,true,false,168,,AA,4767000,EU,1,MEDIUM,2025-05-04,false,,
V258,Globalization Prtns,HR,2025-03-07,2027-03-19,"Benefits Admin,HR Portal,Employee Directory",HIGH,read_write,2026-06-02T00:00:00,true,2027-05-19,false,false,48,,AA,1415000,EU,3,LOW,2024-10-22,false,,
V259,Bud Financial AI,Fintech,2025-06-29,2027-12-03,"KYC Platform,AML System,Compliance Module,Core Banking,Transaction Engine",MEDIUM,read_write,2026-05-23T00:00:00,true,,true,false,72,,BBB,2823000,EU,2,LOW,2024-07-22,false,,
V260,Payone Payments,Payment,2025-11-04,2028-07-12,"Reconciliation,Fraud Detection",HIGH,read,2026-05-23T00:00:00,false,,true,true,72,,BBB,2404000,EU,3,LOW,2024-10-27,false,,
V261,ICICI Lombard IT,Fintech,2023-12-20,2030-06-25,"KYC Platform,Core Banking,AML System,Transaction Engine",HIGH,read_write,2026-06-12T00:00:00,false,,false,false,168,,A,4967000,non-EU,0,LOW,2025-01-09,false,,
V262,Starling Business,Fintech,2025-11-15,2030-12-21,"KYC Platform,Core Banking,AML System,Compliance Module,Transaction Engine",HIGH,read_write,2026-06-11T00:00:00,false,2027-09-08,true,false,72,,AA,3581000,EU,3,LOW,2025-05-10,false,,
V263,Kredily HR Platform,HR,2023-12-26,2026-11-13,"HR Portal,Benefits Admin,Payroll Engine,Talent Database",HIGH,read,2026-05-13T00:00:00,false,2027-12-31,true,true,48,,A,8180000,non-EU,1,MEDIUM,2025-04-15,false,,
V264,Oyster HR EU,HR,2023-05-01,2030-06-15,"HR Portal,Talent Database,Payroll Engine,Employee Directory,Benefits Admin",HIGH,read,2026-05-16T00:00:00,false,,true,false,48,,BBB,1336000,EU,3,LOW,2025-04-27,false,,
V265,Seqrite Enterprise,Security,2024-05-26,2030-12-27,"SIEM Platform,Threat Intelligence,SOC Dashboard",MEDIUM,read,2026-04-29T00:00:00,false,2028-02-26,false,false,168,,A,2980000,non-EU,0,MEDIUM,2024-08-04,false,,
V266,Tata Communications,Telecom,2024-04-06,2031-02-08,"CDR Processing,OSS Platform,Network Mgmt",MEDIUM,read,2026-04-29T00:00:00,true,2027-06-15,false,false,168,,AA,886000,non-EU,3,MEDIUM,2025-02-12,false,,
V267,Tide Banking,Fintech,2024-01-29,2029-10-04,"KYC Platform,Core Banking",HIGH,read,2026-05-08T00:00:00,false,2027-05-08,false,false,72,,BB,5814000,EU,0,LOW,2025-07-28,false,,
V268,Unisys Enterprise EU,IT Services,2025-12-23,2030-02-22,"Timesheet System,Knowledge Base,Project Portal,Helpdesk,Resource Mgmt",HIGH,read_write,2026-05-04T00:00:00,false,2027-01-14,true,false,48,,A,9158000,EU,3,LOW,2026-02-27,false,,
V269,Sage Intacct Cloud,Finance,2025-02-15,2029-11-03,"Risk Engine,Portfolio Mgmt,Settlement System,Trading Platform,Compliance Portal",MEDIUM,read,2026-05-23T00:00:00,true,,true,false,72,,BBB,6525000,EU,2,LOW,2025-10-09,false,,
V270,Allegis Group EU,Staffing,2023-11-11,2028-10-27,"Candidate Database,Payroll System,Background Check",MEDIUM,read,2026-06-10T00:00:00,true,,false,false,48,,A,2131000,EU,0,LOW,2025-10-10,false,,
V271,SDL Language Services,SaaS,2024-07-14,2031-02-04,"SaaS Platform,API Layer",HIGH,read,2026-06-04T00:00:00,true,2027-05-29,true,false,48,,BB,994000,EU,2,LOW,2026-04-28,false,,
V272,TrueLayer Open Bank,Fintech,2024-12-31,2030-07-23,"Transaction Engine,Compliance Module,Core Banking,AML System,KYC Platform",HIGH,read_write,2026-06-12T00:00:00,false,,true,false,72,,BB,740000,EU,1,LOW,2026-01-16,false,,
V273,OakNorth Business,Fintech,2025-01-02,2030-01-19,"Transaction Engine,AML System,KYC Platform",MEDIUM,read,2026-06-08T00:00:00,true,2027-07-04,true,false,48,,A,685000,EU,2,LOW,2025-09-28,false,,
V274,Capita India BPO,BPO,2025-12-20,2031-03-26,"Document Store,Email Gateway,CRM Platform,Ticket System,Workflow Engine",HIGH,read_write,2026-06-11T00:00:00,false,,true,false,48,,A,9282000,non-EU,0,LOW,2025-07-03,false,,
V275,HRMantra HRMS,HR,2025-07-14,2030-08-21,"HR Portal,Benefits Admin,Employee Directory",HIGH,read,2026-05-31T00:00:00,false,2027-01-19,true,false,72,,BB,8115000,non-EU,2,LOW,2025-07-11,false,,
V276,Info Edge Platforms,SaaS,2024-04-05,2026-12-12,"Integration Hub,User Analytics,SaaS Platform,Admin Console",MEDIUM,read,2026-05-15T00:00:00,false,2027-12-26,false,false,48,,BBB,7938000,non-EU,0,LOW,2025-09-25,false,,
V277,Happiest Minds AI,SaaS,2024-09-25,2027-08-30,"Admin Console,SaaS Platform,Integration Hub,API Layer",HIGH,read_write,2026-05-07T00:00:00,true,2027-01-20,false,false,72,,A,4073000,non-EU,3,LOW,2026-01-27,false,,
V278,Teleperformance EU,BPO,2023-11-08,2030-06-17,"Workflow Engine,CRM Platform,Ticket System,Email Gateway",MEDIUM,read_write,2026-06-06T00:00:00,false,2026-11-08,true,false,72,,BB,2355000,EU,1,LOW,2025-09-11,false,,
V279,Ivalua Procurement,SaaS,2024-09-16,2026-11-21,"API Layer,User Analytics,Integration Hub",MEDIUM,read,2026-04-29T00:00:00,false,2028-02-07,true,false,72,,BB,4835000,EU,1,LOW,2025-12-27,false,,
V280,ADP Workforce EU,HR,2025-01-18,2028-02-18,"Employee Directory,HR Portal,Benefits Admin,Payroll Engine,Talent Database",HIGH,read_write,2026-06-19T00:00:00,false,2027-10-08,true,false,48,,BB,7287000,EU,2,LOW,2026-05-11,false,,
V281,OpenText WCM,SaaS,2025-08-25,2029-05-20,"Admin Console,SaaS Platform,Integration Hub,User Analytics,API Layer",MEDIUM,read,2026-04-25T00:00:00,false,,true,false,48,,BBB,3295000,EU,2,LOW,2025-09-14,false,,
V282,Birlasoft ERP,ERP,2024-08-15,2027-10-20,"Reporting Engine,Procurement Portal,Inventory System,Financial Module,ERP Core",HIGH,read,2026-06-18T00:00:00,true,,true,false,48,,BB,6125000,non-EU,3,LOW,2026-02-17,false,,
V283,Infosys BPM Ltd,BPM,2025-04-05,2029-04-12,"Document Mgmt,Workflow Portal,Audit Trail,Integration Layer,Process Engine",HIGH,read_write,2026-05-23T00:00:00,true,2027-08-31,false,false,48,,A,4455000,non-EU,3,LOW,2025-09-05,false,,
V284,Amdocs India Telecom,Telecom,2024-12-15,2029-05-16,"Billing System,Network Mgmt",HIGH,read_write,2026-06-16T00:00:00,true,2027-02-20,true,false,72,,BB,8243000,non-EU,3,LOW,2025-09-06,false,,
V285,Genpact Finance BPO,BPO,2024-04-04,2029-10-03,"CRM Platform,Workflow Engine,Document Store",MEDIUM,read,2026-06-10T00:00:00,true,2027-06-16,false,false,72,,BBB,2394000,non-EU,1,LOW,2025-06-26,false,,
V286,CCAvenue Gateway,Payment,2025-05-05,2028-06-17,"Merchant Portal,Reconciliation",MEDIUM,read_write,2026-05-06T00:00:00,true,,true,false,48,,BBB,3588000,non-EU,0,LOW,2025-10-09,false,,
V287,iZettle Payments,Payment,2023-08-23,2028-11-12,"Reconciliation,Merchant Portal",MEDIUM,read,2026-05-20T00:00:00,false,2026-11-04,false,true,48,,BBB,3546000,EU,8,HIGH,2025-10-04,false,,
V288,Cognizant Europe,IT Services,2023-07-22,2028-05-24,"Project Portal,Helpdesk,Resource Mgmt",MEDIUM,read_write,2026-05-06T00:00:00,true,2027-09-11,true,false,48,,BBB,7253000,EU,5,HIGH,2025-09-26,false,,
V289,Kofax Automation,SaaS,2023-03-21,2031-05-08,"SaaS Platform,User Analytics,Admin Console,API Layer,Integration Hub",MEDIUM,read_write,2026-06-07T00:00:00,false,2027-06-23,false,false,48,,BBB,4869000,EU,6,HIGH,2025-09-22,false,,
V290,3i Infotech Finance,Fintech,2025-08-24,2027-10-20,"Compliance Module,Core Banking,AML System,Transaction Engine",MEDIUM,read_write,2026-04-23T00:00:00,false,2027-05-08,false,true,48,,AA,6244000,non-EU,7,HIGH,2026-01-23,false,,
V291,NIIT Technologies,IT Services,2024-07-31,2030-08-10,"Timesheet System,Helpdesk,Resource Mgmt,Project Portal,Knowledge Base",HIGH,read,2026-04-27T00:00:00,false,2027-08-21,true,false,48,,BBB,308000,non-EU,9,HIGH,2025-10-23,false,,
V292,FNZ Wealth Platform,Finance,2024-05-18,2028-11-21,"Portfolio Mgmt,Risk Engine,Compliance Portal,Trading Platform",MEDIUM,read,2026-05-27T00:00:00,true,2028-05-11,true,true,72,,A,4243000,EU,8,HIGH,2025-09-03,false,,
V293,Perfios Analytics,Analytics,2025-10-12,2028-06-11,"ML Platform,Data Warehouse,ETL Pipeline,Reporting Portal,BI Dashboard",MEDIUM,read,2026-05-30T00:00:00,false,2028-01-10,false,false,72,,BBB,1607000,non-EU,9,HIGH,2025-12-30,false,,
V294,Karza Technologies,Fintech,2023-10-05,2029-05-25,"Compliance Module,Core Banking,Transaction Engine",HIGH,read_write,2026-06-03T00:00:00,false,2027-12-06,false,true,72,,AA,5798000,non-EU,6,HIGH,2026-05-05,false,,
V295,Moneyhub Finance,Fintech,2024-04-02,2030-09-30,"Transaction Engine,Compliance Module,AML System,Core Banking",HIGH,read_write,2026-05-07T00:00:00,false,,false,true,48,,A,6213000,EU,7,HIGH,2025-12-08,false,,
V296,Iron Mountain EU,Managed Service,2023-07-25,2028-12-20,"Ticketing System,Monitoring Dashboard,Patch Management,SIEM",HIGH,read_write,2026-05-17T00:00:00,false,2027-03-02,true,true,72,,A,4621000,EU,7,HIGH,2025-12-05,false,,
V297,Sutherland Global EU,BPO,2025-03-20,2028-06-02,"CRM Platform,Document Store,Email Gateway,Ticket System,Workflow Engine",MEDIUM,read_write,2026-05-26T00:00:00,false,2026-10-06,true,false,48,,AA,6676000,EU,5,HIGH,2025-09-04,false,,
V298,Datamatics Global,BPM,2024-08-10,2030-01-26,"Workflow Portal,Document Mgmt,Process Engine,Audit Trail,Integration Layer",MEDIUM,read_write,2026-05-22T00:00:00,false,2027-12-14,true,false,72,,BBB,6249000,non-EU,8,HIGH,2026-02-13,false,,
V299,GEP Procurement EU,SaaS,2025-01-15,2030-10-13,"SaaS Platform,API Layer,Admin Console",HIGH,read,2026-05-22T00:00:00,true,2027-02-11,false,false,48,,A,4166000,EU,10,HIGH,2026-01-01,false,,
V300,Computop Payments,Payment,2024-02-01,2028-09-26,"Settlement Engine,Payment Gateway,Fraud Detection",MEDIUM,read,2026-06-02T00:00:00,true,,false,false,48,,AA,6224000,EU,7,HIGH,2026-01-01,false,,
V301,Alten Group Tech,Engineering,2023-06-25,2031-04-27,"CAD Platform,Test Management,PLM System,Code Repository,Simulation Engine",MEDIUM,read,2026-06-18T00:00:00,false,2027-03-15,true,true,48,,BBB,738000,EU,9,HIGH,2026-01-08,false,,
V302,PwC India Tech,Consulting,2025-12-14,2028-11-19,"Time Tracking,Document Mgmt",MEDIUM,read,2026-05-11T00:00:00,true,2027-03-24,true,true,48,2026-03-25|MEDIUM|Misconfigured access control allowed cross-tenant data read,AA,1764000,non-EU,1,LOW,2026-01-17,false,,
V303,Harvey Nash Tech,Staffing,2023-05-21,2031-05-10,"Candidate Database,Background Check",HIGH,read,2026-06-07T00:00:00,true,2026-10-31,false,true,48,2026-02-04|MEDIUM|Unauthorised read access to reporting module; 50k rows viewed,A,6785000,EU,3,MEDIUM,2026-03-30,false,,
V304,Subex Analytics,Analytics,2024-11-17,2029-03-10,"Data Warehouse,ETL Pipeline,Reporting Portal,ML Platform,BI Dashboard",MEDIUM,read,2026-05-03T00:00:00,false,2027-09-23,true,false,72,2025-12-28|MEDIUM|Misconfigured access control allowed cross-tenant data read,BBB,205000,non-EU,3,MEDIUM,2026-04-02,false,,
V305,Plaid Data EU,Fintech,2023-12-11,2026-12-15,"KYC Platform,Compliance Module,AML System",MEDIUM,read,2026-05-11T00:00:00,true,,false,true,48,2025-09-13|MEDIUM|Log files contained PII; exposed to third-party analytics vendor,A,5895000,EU,0,LOW,2026-04-07,false,,
V306,Objectway Finance,Finance,2025-10-18,2027-01-05,"Settlement System,Trading Platform,Portfolio Mgmt",MEDIUM,read,2026-04-26T00:00:00,true,2027-02-24,false,false,72,2026-03-12|LOW|Log files contained PII; exposed to third-party analytics vendor,AA,3613000,EU,4,LOW,2026-03-05,false,,
V307,Conduent India BPO,BPO,2025-06-16,2029-03-28,"Workflow Engine,Ticket System,CRM Platform",MEDIUM,read_write,2026-05-18T00:00:00,true,,true,true,48,2026-03-07|LOW|Weak password policy led to 50 account takeovers,BBB,5329000,non-EU,3,MEDIUM,2025-08-01,false,,
V308,Rahi Systems India,IT Services,2023-12-10,2029-10-14,"Project Portal,Resource Mgmt,Helpdesk",HIGH,read_write,2026-05-23T00:00:00,false,,false,true,72,2025-09-18|MEDIUM|Unencrypted backup exposed briefly on public endpoint,AA,6454000,non-EU,3,LOW,2025-06-26,false,,
V309,Envestnet Yodlee EU,Fintech,2023-08-21,2029-03-05,"Core Banking,AML System,Transaction Engine",HIGH,read_write,2026-06-16T00:00:00,false,2027-01-04,true,true,72,2025-11-12|LOW|Misconfigured access control allowed cross-tenant data read,AA,7160000,EU,0,LOW,2025-08-11,false,,
V310,SS&C Technologies EU,Finance,2024-03-29,2031-05-26,"Trading Platform,Settlement System,Portfolio Mgmt,Risk Engine,Compliance Portal",HIGH,read,2026-06-06T00:00:00,false,,false,true,48,2025-10-15|LOW|Unencrypted backup exposed briefly on public endpoint,AA,4499000,EU,3,LOW,2025-12-02,false,,
V311,Stefanini IT Europe,IT Services,2024-05-09,2027-08-14,"Helpdesk,Timesheet System,Knowledge Base,Resource Mgmt,Project Portal",HIGH,read_write,2026-06-11T00:00:00,true,2026-12-01,true,false,48,2025-12-20|LOW|Log files contained PII; exposed to third-party analytics vendor,BBB,9485000,EU,1,LOW,2026-04-13,false,,
V312,greytHR Platform,HR,2023-12-02,2026-10-21,"HR Portal,Payroll Engine",MEDIUM,read,2026-05-28T00:00:00,true,2027-05-11,false,true,48,2025-09-19|MEDIUM|Log files contained PII; exposed to third-party analytics vendor,AA,5400000,non-EU,4,LOW,2025-09-12,false,,
V313,Paylocity Payroll EU,HR,2025-12-13,2029-05-16,"Employee Directory,Talent Database,Benefits Admin,Payroll Engine",MEDIUM,read,2026-06-10T00:00:00,true,2027-08-20,true,true,48,2025-09-27|LOW|Unauthorised read access to reporting module; 10k rows viewed,BBB,2583000,EU,3,LOW,2026-03-10,false,,
V314,Devoteam Cloud,Cloud,2025-07-19,2031-02-24,"Load Balancer,Container Registry,CDN",HIGH,read,2026-05-05T00:00:00,false,2027-04-16,true,false,72,2026-01-23|LOW|Weak password policy led to 2 account takeovers,AA,3707000,EU,2,MEDIUM,2026-05-02,false,,
V315,Papaya Global HR,HR,2024-11-12,2026-09-28,"Talent Database,Employee Directory,Payroll Engine",MEDIUM,read_write,2026-06-04T00:00:00,true,,false,false,72,2026-03-05|LOW|Unencrypted backup exposed briefly on public endpoint,BBB,5696000,EU,2,LOW,2026-04-02,false,,
V316,Zycus Source to Pay,SaaS,2025-02-19,2030-06-29,"User Analytics,SaaS Platform,Integration Hub,Admin Console",HIGH,read_write,2026-05-09T00:00:00,true,2027-05-15,true,false,72,2025-08-29|MEDIUM|Unauthorised read access to reporting module; 5k rows viewed,A,8192000,EU,3,MEDIUM,2025-06-28,false,,
V317,Lattice People EU,HR,2025-05-25,2028-07-01,"HR Portal,Talent Database",MEDIUM,read_write,2026-06-03T00:00:00,false,2026-11-06,false,true,48,2026-02-09|MEDIUM|Unencrypted backup exposed briefly on public endpoint,AA,2112000,EU,0,MEDIUM,2025-12-04,false,,
V318,SII Group IT,IT Services,2023-06-29,2030-02-08,"Project Portal,Resource Mgmt,Helpdesk",MEDIUM,read_write,2026-04-26T00:00:00,true,2026-10-24,false,true,48,2025-09-09|LOW|Log files contained PII; exposed to third-party analytics vendor,BBB,6313000,EU,1,MEDIUM,2025-12-21,false,,
V319,HDFC IT Services,Fintech,2025-12-10,2030-07-12,"Compliance Module,Core Banking",MEDIUM,read_write,2026-05-25T00:00:00,false,2027-08-19,false,true,48,,B,6981000,non-EU,0,LOW,2026-02-13,false,,
V320,Tech Mahindra Platforms,SaaS,2024-08-23,2030-07-07,"User Analytics,SaaS Platform,API Layer,Integration Hub",HIGH,read,2026-05-25T00:00:00,true,2027-11-18,false,false,72,,B,7367000,non-EU,2,MEDIUM,2025-11-11,false,,
V321,Mphasis Digital Risk,Security,2023-04-24,2031-03-06,"SIEM Platform,EDR System,Threat Intelligence,SOC Dashboard",MEDIUM,read_write,2026-05-01T00:00:00,false,2027-04-04,true,true,72,,B,1392000,non-EU,1,LOW,2026-03-27,false,,
V322,ThoughtWorks Europe,Consulting,2025-04-29,2030-07-15,"Project Portal,Document Mgmt,Collaboration Suite,Invoice System,Time Tracking",HIGH,read_write,2026-05-27T00:00:00,true,2027-12-19,true,true,48,,B,6920000,EU,0,LOW,2025-07-23,false,,
V323,Newgen DocManagement,SaaS,2023-12-29,2028-07-12,"SaaS Platform,API Layer",HIGH,read,2026-05-29T00:00:00,false,2026-12-18,false,false,48,,B,5578000,non-EU,3,MEDIUM,2025-07-08,false,,
V324,Ceridian Dayforce EU,HR,2025-11-19,2027-08-27,"HR Portal,Payroll Engine,Talent Database,Employee Directory,Benefits Admin",MEDIUM,read,2026-04-23T00:00:00,true,,true,true,72,,B,7071000,EU,0,MEDIUM,2025-07-20,false,,
V325,Cigniti Testing,IT Services,2025-01-12,2030-04-26,"Knowledge Base,Project Portal,Helpdesk,Timesheet System,Resource Mgmt",HIGH,read,2026-06-01T00:00:00,false,,false,false,72,,B,4349000,non-EU,3,LOW,2026-02-02,false,,
V326,CGI Group EMEA,IT Services,2025-03-18,2027-05-10,"Project Portal,Timesheet System,Knowledge Base,Resource Mgmt",MEDIUM,read,2026-05-12T00:00:00,true,,true,false,48,,B,6737000,EU,2,LOW,2025-09-18,false,,
V327,Bottomline Tech EU,Payment,2025-06-14,2027-02-02,"Settlement Engine,Merchant Portal,Reconciliation,Payment Gateway,Fraud Detection",MEDIUM,read,2026-05-10T00:00:00,true,2027-07-13,false,false,48,,B,7405000,EU,0,MEDIUM,2025-11-01,false,,
V328,Buckaroo Payments,Payment,2025-04-02,2031-01-10,"Fraud Detection,Reconciliation,Merchant Portal,Settlement Engine",HIGH,read,2026-05-04T00:00:00,true,2027-06-18,false,true,48,,B,8725000,EU,3,LOW,2025-11-29,false,,
V329,Digit Insurance IT,Fintech,2024-01-10,2028-05-29,"Compliance Module,KYC Platform,Core Banking,Transaction Engine",HIGH,read_write,2026-05-17T00:00:00,true,,false,false,72,,B,7138000,non-EU,0,MEDIUM,2025-11-06,false,,
V330,Jaggaer Procurement,SaaS,2023-12-13,2029-05-06,"SaaS Platform,API Layer,User Analytics,Integration Hub,Admin Console",HIGH,read_write,2026-05-11T00:00:00,false,2027-04-03,false,false,72,,B,7978000,EU,1,MEDIUM,2025-08-02,false,,
V331,Visma Software,SaaS,2025-02-20,2028-09-29,"User Analytics,API Layer",HIGH,read_write,2026-04-29T00:00:00,false,2027-07-04,true,false,72,,B,680000,EU,0,LOW,2026-01-03,false,,
V332,OpenText Document EU,SaaS,2024-10-26,2026-10-20,"Integration Hub,User Analytics,Admin Console,API Layer,SaaS Platform",MEDIUM,read_write,2026-06-07T00:00:00,true,2026-09-22,true,false,48,,B,6895000,EU,1,LOW,2025-11-30,false,,
V333,BrowserStack Testing,SaaS,2024-06-07,2029-08-04,"User Analytics,Integration Hub,Admin Console",HIGH,read,2026-05-23T00:00:00,true,,false,true,48,,B,4252000,non-EU,0,MEDIUM,2026-03-14,false,,
V334,AuthBridge Verify,Security,2025-11-15,2029-01-16,"SOC Dashboard,Threat Intelligence",MEDIUM,read_write,2026-06-05T00:00:00,true,2026-08-04,true,false,48,,AA,2689000,non-EU,1,MEDIUM,2025-08-30,false,,
V335,Remote Global HR,HR,2023-12-19,2031-02-07,"HR Portal,Talent Database,Benefits Admin,Payroll Engine",HIGH,read,2026-05-19T00:00:00,true,2026-08-31,true,false,72,,AA,666000,EU,0,MEDIUM,2025-12-15,false,,
V336,Siemens Digital Industries,Engineering,2025-11-23,2028-10-17,"PLM System,Code Repository,Test Management,Simulation Engine,CAD Platform",MEDIUM,read_write,2026-05-08T00:00:00,true,2026-08-22,true,true,72,,BBB,1413000,EU,2,MEDIUM,2025-10-01,false,,
V337,Setu API Platform,Fintech,2023-03-29,2030-04-23,"Compliance Module,Core Banking,AML System,Transaction Engine",MEDIUM,read,2026-05-25T00:00:00,true,2026-09-04,true,true,48,,A,4068000,non-EU,2,LOW,2026-05-20,false,,
V338,Ciklum Technologies,IT Services,2024-08-28,2028-01-23,"Knowledge Base,Timesheet System",HIGH,read,2026-04-28T00:00:00,true,2026-08-06,false,false,48,,AA,5038000,non-EU,0,MEDIUM,2025-12-08,false,,
V339,Saksoft Solutions,IT Services,2025-03-06,2030-03-10,"Timesheet System,Project Portal,Helpdesk",HIGH,read,2026-06-02T00:00:00,true,2026-08-29,true,true,72,,BBB,7126000,non-EU,0,MEDIUM,2026-02-26,false,,
V340,Accenture Cloud UK,Cloud,2023-09-08,2030-02-09,"Container Registry,Load Balancer,Compute API",HIGH,read_write,2026-05-28T00:00:00,true,2026-06-25,false,false,48,,BBB,7155000,EU,2,MEDIUM,2025-10-22,false,,
V341,Lexmark Document,SaaS,2025-10-05,2030-04-19,"API Layer,User Analytics",HIGH,read_write,2026-05-28T00:00:00,true,2026-08-03,false,false,72,,BBB,7833000,EU,0,LOW,2025-11-11,false,,
V342,Kellton Tech Digital,SaaS,2024-08-04,2028-01-08,"Integration Hub,User Analytics",MEDIUM,read,2026-05-20T00:00:00,true,2026-07-05,true,true,72,,AA,2927000,non-EU,3,LOW,2025-10-13,false,,
V343,FactSet Analytics EU,Finance,2024-01-08,2027-03-08,"Settlement System,Portfolio Mgmt,Risk Engine,Compliance Portal,Trading Platform",HIGH,read,2026-06-09T00:00:00,true,2026-09-13,true,false,48,,AA,3841000,EU,1,LOW,2025-12-31,false,,
V344,Adecco IT Staffing,Staffing,2024-11-09,2028-11-11,"Payroll System,ATS System,Onboarding Portal,Candidate Database",MEDIUM,read_write,2026-06-17T00:00:00,true,2026-08-09,true,false,72,,A,1761000,EU,1,MEDIUM,2026-01-01,false,,
V345,Mambu Cloud Bank,Fintech,2024-11-18,2028-04-30,"Core Banking,Transaction Engine",MEDIUM,read_write,2026-04-28T00:00:00,true,2026-08-07,true,false,72,,A,9368000,EU,3,LOW,2026-03-11,false,,
V346,Bureau Identity,Security,2025-05-26,2028-02-25,"EDR System,Vulnerability Scanner",MEDIUM,read_write,2026-04-22T00:00:00,true,2026-08-04,false,true,48,,A,5825000,non-EU,1,MEDIUM,2025-10-14,false,,
V347,Computershare Registry,Fintech,2023-10-20,2028-05-09,"AML System,Compliance Module,KYC Platform,Core Banking",MEDIUM,read,2026-05-22T00:00:00,true,2026-07-30,false,false,48,,A,8842000,EU,1,LOW,2026-02-20,false,,
V348,PayU Payments India,Payment,2023-03-24,2030-04-24,"Merchant Portal,Reconciliation,Payment Gateway,Settlement Engine",HIGH,read,2026-06-06T00:00:00,true,2026-06-24,false,true,72,,BBB,7960000,non-EU,0,MEDIUM,2025-09-14,false,,
V349,Fujitsu EMEA Services,IT Services,2025-08-12,2028-05-05,"Helpdesk,Project Portal,Knowledge Base,Timesheet System",MEDIUM,read_write,2026-06-03T00:00:00,true,,false,true,168,,BBB,8802000,EU,1,LOW,2026-05-14,false,,
V350,Fractal Analytics,Analytics,2023-12-16,2027-05-16,"Data Warehouse,ETL Pipeline,Reporting Portal,BI Dashboard",HIGH,read,2026-04-26T00:00:00,false,2026-11-18,true,true,168,,BBB,2989000,non-EU,2,LOW,2025-06-30,false,,
V351,SITA Aero IT,SaaS,2024-10-12,2027-01-10,"User Analytics,SaaS Platform,Admin Console",HIGH,read_write,2026-05-23T00:00:00,false,,false,false,168,,AA,2622000,EU,3,LOW,2026-02-18,false,,
V352,eClerx Services,BPO,2024-06-13,2030-12-20,"Ticket System,Workflow Engine,CRM Platform,Email Gateway,Document Store",HIGH,read,2026-05-29T00:00:00,false,2026-11-09,true,true,168,,BBB,3948000,non-EU,0,LOW,2025-12-06,false,,
V353,Currencycloud FX,Fintech,2023-10-10,2028-07-31,"KYC Platform,Core Banking,AML System",HIGH,read_write,2026-05-28T00:00:00,false,2027-11-22,false,true,168,,AA,255000,EU,1,LOW,2026-01-15,false,,
V354,Coupa Software EU,SaaS,2024-11-14,2031-04-13,"Integration Hub,SaaS Platform,API Layer,User Analytics",MEDIUM,read,2026-06-13T00:00:00,false,2027-11-17,true,true,168,,A,574000,EU,3,LOW,2025-08-15,false,,
V355,Nutmeg Investing,Fintech,2025-11-26,2030-10-21,"AML System,KYC Platform,Core Banking",MEDIUM,read,2026-05-12T00:00:00,false,,true,false,168,,A,4777000,EU,3,LOW,2026-04-24,false,,
V356,SimCorp Investment,Finance,2024-09-05,2028-09-19,"Compliance Portal,Trading Platform,Portfolio Mgmt",HIGH,read_write,2026-06-04T00:00:00,true,,true,false,168,,AA,6530000,EU,2,LOW,2025-09-06,false,,
V357,Airswift Staffing EU,Staffing,2023-07-23,2030-12-25,"Onboarding Portal,ATS System,Candidate Database,Payroll System,Background Check",HIGH,read,2026-05-18T00:00:00,true,2026-12-04,false,true,168,,BBB,9341000,EU,3,LOW,2025-12-01,false,,
V358,EPAM Systems Europe,IT Services,2024-10-28,2031-04-28,"Knowledge Base,Resource Mgmt,Timesheet System,Project Portal,Helpdesk",MEDIUM,read,2026-06-15T00:00:00,false,2027-02-03,false,false,168,,BBB,6394000,EU,3,LOW,2026-05-08,false,,
V359,Allica Bank,Fintech,2023-04-16,2031-02-04,"Transaction Engine,KYC Platform",LOW,read,2026-05-28T00:00:00,true,2027-03-09,true,true,24,,AAA,984000,EU,0,LOW,2026-02-06,false,,
V360,InMobi Advertising,SaaS,2024-05-19,2026-09-30,"Admin Console,User Analytics,SaaS Platform,API Layer",LOW,read,2026-05-06T00:00:00,true,2027-04-04,true,true,24,,A,2575000,non-EU,0,LOW,2026-04-09,false,,
V361,Oracle FLEXCUBE EU,Fintech,2023-09-27,2029-08-04,"Compliance Module,AML System,Core Banking,KYC Platform,Transaction Engine",LOW,read,2026-06-05T00:00:00,true,2027-10-16,true,true,48,,A,6764000,EU,1,LOW,2026-06-02,false,,
V362,Conduent BPO Europe,BPO,2025-07-08,2030-08-19,"CRM Platform,Workflow Engine",LOW,read,2026-05-12T00:00:00,true,2028-05-11,true,true,48,,A,3358000,EU,2,LOW,2026-03-16,false,,
V363,IFS Enterprise,ERP,2025-09-23,2027-02-08,"Financial Module,Inventory System",MEDIUM,read,2026-05-04T00:00:00,true,2027-01-19,true,true,24,,AA,4761000,EU,2,LOW,2026-03-06,false,,
V364,Cyient Manufacturing,Engineering,2025-05-13,2027-10-04,"Test Management,PLM System",MEDIUM,read,2026-05-27T00:00:00,true,2028-10-23,true,true,48,,A,7816000,non-EU,2,LOW,2026-04-22,false,,
V365,Bouvet Consulting,Consulting,2023-06-30,2026-10-28,"Project Portal,Time Tracking",LOW,read,2026-05-09T00:00:00,true,2028-01-22,true,true,48,,A,5382000,EU,1,LOW,2026-01-23,false,,
V366,M2P Fintech,Fintech,2024-09-18,2026-12-24,"KYC Platform,Transaction Engine,Core Banking,AML System,Compliance Module",LOW,read,2026-04-23T00:00:00,true,2028-08-14,true,true,24,,AAA,6681000,non-EU,0,LOW,2026-02-24,false,,
V367,PensionBee Platform,Fintech,2023-11-12,2031-01-14,"Core Banking,Transaction Engine",LOW,read,2026-04-24T00:00:00,true,2027-07-15,true,true,48,,A,3515000,EU,0,LOW,2026-04-11,false,,
V368,Nexi Payments Italy,Payment,2023-10-04,2028-12-19,"Merchant Portal,Fraud Detection,Settlement Engine,Reconciliation",MEDIUM,read,2026-06-16T00:00:00,true,2027-03-10,true,true,24,,A,691000,EU,2,LOW,2026-01-16,false,,
V369,eScan Security,Security,2024-11-27,2026-12-06,"SIEM Platform,EDR System",LOW,read,2026-05-21T00:00:00,true,2028-06-03,true,true,24,,A,304000,non-EU,2,LOW,2026-05-27,false,,
V370,Brillio Digital,IT Services,2023-11-08,2029-01-01,"Project Portal,Helpdesk",LOW,read,2026-06-20T00:00:00,true,2027-08-31,true,true,48,,A,7652000,non-EU,0,LOW,2026-06-01,false,,
V371,Tink Open Banking,Fintech,2024-01-14,2030-07-20,"AML System,Core Banking,Compliance Module,KYC Platform",MEDIUM,read,2026-05-25T00:00:00,true,2028-10-23,true,true,48,,A,652000,EU,2,LOW,2026-03-10,false,,
V372,ECI Solutions ERP,ERP,2025-07-22,2027-12-28,"ERP Core,Reporting Engine,Procurement Portal,Inventory System",LOW,read,2026-05-29T00:00:00,true,2027-06-10,true,true,24,,A,3942000,EU,0,LOW,2025-12-24,false,,
V373,Itera Consulting,Consulting,2025-02-25,2027-01-23,"Time Tracking,Collaboration Suite,Project Portal",LOW,read,2026-04-24T00:00:00,true,2027-01-26,true,true,24,,A,8463000,EU,2,LOW,2026-05-09,false,,
V374,NTT Data Europe,IT Services,2024-02-01,2027-03-27,"Resource Mgmt,Helpdesk,Knowledge Base",LOW,read,2026-05-09T00:00:00,true,2028-11-25,true,true,24,,AAA,8953000,EU,1,LOW,2026-02-16,false,,
V375,Nippon IT India,IT Services,2023-11-23,2026-12-29,"Knowledge Base,Resource Mgmt,Project Portal,Helpdesk",MEDIUM,read,2026-05-25T00:00:00,true,2026-10-17,true,true,48,,AA,395000,non-EU,0,LOW,2026-02-21,false,,
V376,Expleo Group,Engineering,2025-01-09,2030-10-13,"Simulation Engine,CAD Platform,Code Repository,PLM System",LOW,read,2026-05-25T00:00:00,true,2027-12-05,true,true,48,,AAA,695000,EU,1,LOW,2026-03-21,false,,
V377,Infor M3 Cloud,ERP,2023-04-14,2027-12-12,"ERP Core,Financial Module,Procurement Portal,Inventory System",LOW,read,2026-04-22T00:00:00,true,2027-08-06,true,true,48,,A,2478000,EU,0,LOW,2026-04-21,false,,
V378,NetSuite Cloud ERP,ERP,2025-09-13,2029-07-19,"ERP Core,Procurement Portal",LOW,read,2026-05-19T00:00:00,true,2028-06-18,true,true,48,,A,3039000,EU,0,LOW,2026-03-13,false,,
V379,Form3 Payments,Fintech,2023-10-23,2028-01-26,"Transaction Engine,Core Banking,KYC Platform,AML System,Compliance Module",LOW,read,2026-05-13T00:00:00,true,2027-09-10,true,true,48,,AA,5133000,EU,0,LOW,2026-06-07,false,,
V380,Serco India BPO,BPO,2025-04-13,2031-04-26,"Document Store,Workflow Engine,Ticket System,Email Gateway",LOW,read,2026-04-23T00:00:00,true,2027-05-03,true,true,48,,AA,5896000,non-EU,2,LOW,2026-05-06,false,,
V381,Amadeus IT Group,SaaS,2023-10-10,2028-03-18,"Admin Console,Integration Hub,API Layer",LOW,read,2026-06-18T00:00:00,true,2026-12-15,true,true,48,,A,9374000,EU,2,LOW,2026-04-16,false,,
V382,Paytm Enterprise,Fintech,2025-02-06,2028-05-29,"AML System,Core Banking",LOW,read,2026-06-09T00:00:00,true,2028-10-12,true,true,24,,AAA,4184000,non-EU,1,LOW,2026-02-07,false,,
V383,SoftServe IT Europe,IT Services,2024-03-04,2026-10-21,"Resource Mgmt,Project Portal",MEDIUM,read,2026-06-14T00:00:00,true,2028-04-07,true,true,24,,A,5480000,non-EU,2,LOW,2026-01-08,false,,
V384,eToro Platform,Fintech,2024-08-14,2030-12-13,"KYC Platform,AML System",MEDIUM,read,2026-05-18T00:00:00,true,2028-09-25,true,true,48,,AA,1366000,EU,1,LOW,2026-05-24,false,,
V385,N-iX Software Ukraine,IT Services,2024-07-02,2029-09-30,"Project Portal,Knowledge Base,Helpdesk,Timesheet System,Resource Mgmt",MEDIUM,read,2026-04-28T00:00:00,true,2028-03-30,true,true,48,,A,2445000,non-EU,1,LOW,2026-02-02,false,,
V386,Epicor ERP Europe,ERP,2023-07-14,2027-08-31,"Inventory System,Financial Module,Reporting Engine,Procurement Portal",LOW,read,2026-06-06T00:00:00,true,2026-12-11,true,true,24,,AAA,4313000,EU,0,LOW,2026-04-13,false,,
V387,Capgemini Cloud Services,Cloud,2024-02-25,2027-03-19,"Compute API,CDN,Container Registry,Load Balancer",LOW,read,2026-06-12T00:00:00,true,2028-08-05,true,true,24,,A,2578000,EU,2,LOW,2026-01-08,false,,
V388,Payrexx Platform,Payment,2023-09-03,2026-09-29,"Payment Gateway,Reconciliation,Fraud Detection",LOW,read,2026-05-21T00:00:00,true,2027-08-01,true,true,24,,A,8687000,EU,0,LOW,2026-02-21,false,,
V389,Deloitte India IT,Consulting,2025-12-19,2031-05-01,"Document Mgmt,Time Tracking,Project Portal",LOW,read,2026-05-15T00:00:00,true,2026-12-10,true,true,24,,A,2160000,non-EU,1,LOW,2026-01-26,false,,
V390,Atlas HXM Global,HR,2025-08-04,2030-10-29,"Talent Database,Employee Directory,HR Portal",LOW,read,2026-05-23T00:00:00,true,2028-07-02,true,true,24,,A,7247000,EU,1,LOW,2026-06-06,false,,
V391,Freetrade Platform,Fintech,2023-05-22,2028-11-18,"Core Banking,Compliance Module,KYC Platform,AML System",LOW,read,2026-05-07T00:00:00,true,2026-09-29,true,true,48,,AA,1359000,EU,0,LOW,2026-03-10,false,,
V392,Hyland Software EU,SaaS,2023-11-14,2027-08-03,"API Layer,Integration Hub,SaaS Platform,Admin Console",LOW,read,2026-05-14T00:00:00,true,2028-04-11,true,true,48,,A,2230000,EU,1,LOW,2026-03-15,false,,
V393,Metro Bank IT,Fintech,2023-07-02,2029-08-17,"Core Banking,Transaction Engine",MEDIUM,read,2026-06-02T00:00:00,true,2028-01-20,true,true,48,,AAA,6817000,EU,1,LOW,2026-02-25,false,,
V394,Springworks HR,HR,2025-05-31,2030-12-10,"HR Portal,Payroll Engine,Benefits Admin",LOW,read,2026-05-21T00:00:00,true,2028-02-02,true,true,24,,AAA,2445000,non-EU,0,LOW,2026-01-16,false,,
V395,Mindtree Security,Security,2023-04-28,2027-09-16,"Threat Intelligence,Vulnerability Scanner,SOC Dashboard,EDR System,SIEM Platform",MEDIUM,read,2026-06-05T00:00:00,true,2028-04-13,true,true,48,,A,4786000,non-EU,2,LOW,2026-01-13,false,,
V396,Sitecore CMS,SaaS,2024-03-13,2030-06-10,"Integration Hub,API Layer,Admin Console",LOW,read,2026-06-10T00:00:00,true,2027-01-15,true,true,48,,AA,2844000,EU,2,LOW,2026-03-04,false,,
V397,RazorpayX Business,Fintech,2024-03-20,2027-02-13,"AML System,Core Banking,Compliance Module",LOW,read,2026-06-16T00:00:00,true,2027-03-05,true,true,48,,AAA,896000,non-EU,1,LOW,2026-02-24,false,,
V398,Acando Consulting,Consulting,2024-10-07,2030-06-10,"Invoice System,Project Portal",LOW,read,2026-05-01T00:00:00,true,2026-10-02,true,true,48,,AA,8290000,EU,0,LOW,2026-03-22,false,,
V399,Publicis Sapient EU,IT Services,2024-09-01,2027-02-26,"Project Portal,Helpdesk",LOW,read,2026-05-26T00:00:00,true,2027-11-27,true,true,48,,A,5268000,EU,1,LOW,2026-03-28,false,,
V400,Wipro Enterprise IT,IT Services,2023-05-03,2028-01-09,"Resource Mgmt,Helpdesk,Knowledge Base,Project Portal,Timesheet System",LOW,read,2026-06-17T00:00:00,true,2027-02-10,true,true,48,,AAA,165000,non-EU,1,LOW,2026-01-17,false,,
V401,abas ERP,ERP,2024-11-02,2030-09-01,"ERP Core,Procurement Portal,Inventory System",MEDIUM,read,2026-05-09T00:00:00,true,2028-01-28,true,true,24,,A,3893000,EU,0,LOW,2026-03-12,false,,
V402,Darwinbox HR,HR,2024-11-28,2030-11-22,"HR Portal,Talent Database,Employee Directory,Payroll Engine,Benefits Admin",MEDIUM,read,2026-05-19T00:00:00,true,2027-07-02,true,true,48,,A,6835000,non-EU,1,LOW,2026-03-24,false,,
V403,Bambora Payments,Payment,2023-09-27,2028-07-21,"Fraud Detection,Settlement Engine,Merchant Portal",MEDIUM,read,2026-05-11T00:00:00,true,2027-10-02,true,true,48,,A,9387000,EU,1,LOW,2026-03-13,false,,
V404,GoCardless Direct,Payment,2023-12-23,2027-09-07,"Payment Gateway,Merchant Portal,Fraud Detection,Settlement Engine",MEDIUM,read,2026-05-11T00:00:00,true,2027-05-18,true,true,48,,AA,405000,EU,2,LOW,2026-03-11,false,,
V405,Workday Finance EU,Finance,2023-05-05,2031-02-13,"Compliance Portal,Risk Engine",LOW,read,2026-05-22T00:00:00,true,2028-11-16,true,true,48,,A,7674000,EU,2,LOW,2026-04-12,false,,
V406,Mu Sigma Analytics,Analytics,2023-12-12,2027-04-11,"ML Platform,Data Warehouse,ETL Pipeline",MEDIUM,read,2026-05-23T00:00:00,true,2028-09-14,true,true,48,,A,3251000,non-EU,0,LOW,2026-05-22,false,,
V407,Genpact Europe BPO,BPO,2024-05-06,2030-03-26,"CRM Platform,Email Gateway,Ticket System,Workflow Engine",LOW,read,2026-06-11T00:00:00,true,2027-09-03,true,true,24,,AAA,8259000,EU,1,LOW,2026-02-07,false,,
V408,Xoriant Solutions,Engineering,2025-11-07,2030-04-17,"Code Repository,PLM System,Test Management",LOW,read,2026-05-10T00:00:00,true,2027-11-12,true,true,24,,A,8505000,non-EU,0,LOW,2026-03-12,false,,
V409,Shawbrook Finance,Fintech,2023-09-03,2028-09-16,"KYC Platform,AML System",LOW,read,2026-06-04T00:00:00,true,2028-05-16,true,true,48,,A,6269000,EU,2,LOW,2026-05-20,false,,
V410,Finastra Core Banking,Fintech,2025-05-03,2027-11-02,"Core Banking,AML System,Transaction Engine,Compliance Module",MEDIUM,read,2026-05-29T00:00:00,true,2028-08-23,true,true,24,,AAA,792000,EU,2,LOW,2026-04-29,false,,
V411,SumUp Payments,Payment,2025-10-15,2027-06-24,"Fraud Detection,Payment Gateway,Merchant Portal,Settlement Engine,Reconciliation",MEDIUM,read,2026-06-07T00:00:00,true,2028-11-03,true,true,24,,A,7904000,EU,1,LOW,2026-02-25,false,,
V412,Tungsten Network AP,Finance,2024-05-23,2031-03-19,"Compliance Portal,Settlement System,Risk Engine,Trading Platform,Portfolio Mgmt",LOW,read,2026-06-08T00:00:00,true,2028-02-29,true,true,48,,AA,2633000,EU,1,LOW,2026-01-25,false,,
V413,Grid Dynamics EU,IT Services,2023-10-05,2029-12-12,"Resource Mgmt,Knowledge Base,Project Portal,Timesheet System,Helpdesk",MEDIUM,read,2026-06-09T00:00:00,true,2028-05-31,true,true,48,,A,319000,EU,2,LOW,2026-03-17,false,,
V414,Hexaware Analytics,Analytics,2023-10-23,2029-09-27,"ETL Pipeline,BI Dashboard,ML Platform,Reporting Portal,Data Warehouse",LOW,read,2026-05-23T00:00:00,true,2028-02-09,true,true,24,,A,4578000,non-EU,1,LOW,2026-02-01,false,,
V415,Volt Open Banking,Fintech,2023-08-12,2029-07-04,"Core Banking,AML System",LOW,read,2026-06-18T00:00:00,true,2027-06-22,true,true,48,,A,639000,EU,1,LOW,2026-05-16,false,,
V416,Kpit Technologies,Engineering,2024-07-12,2027-12-31,"PLM System,CAD Platform,Simulation Engine",LOW,read,2026-06-14T00:00:00,true,2027-08-14,true,true,24,,A,3717000,non-EU,0,LOW,2026-05-08,false,,
V417,Mahindra Tech Infra,Cloud,2023-04-03,2027-05-18,"Load Balancer,Cloud Storage,Compute API,Container Registry,CDN",LOW,read,2026-06-16T00:00:00,true,2028-09-01,true,true,48,,A,3618000,non-EU,1,LOW,2026-01-17,false,,
V418,Unit4 Finance ERP,ERP,2025-04-06,2030-01-31,"Inventory System,ERP Core,Reporting Engine",LOW,read,2026-06-09T00:00:00,true,2027-08-08,true,true,24,,AAA,1175000,EU,2,LOW,2026-06-04,false,,
V419,Clearhaus Payments,Payment,2024-10-21,2026-12-21,"Payment Gateway,Fraud Detection,Merchant Portal",LOW,read,2026-05-28T00:00:00,true,2027-06-09,true,true,48,,AAA,9318000,EU,1,LOW,2026-02-15,false,,
V420,Modulr Finance,Fintech,2024-08-21,2030-11-17,"Compliance Module,AML System,Core Banking,KYC Platform,Transaction Engine",LOW,read,2026-05-07T00:00:00,true,2027-12-11,true,true,48,,A,7475000,EU,1,LOW,2026-05-17,false,,
V421,iEnergizer BPO,BPO,2023-11-07,2027-04-12,"Workflow Engine,Email Gateway",LOW,read,2026-05-30T00:00:00,true,2027-09-22,true,true,24,,AA,4334000,non-EU,2,LOW,2026-04-16,false,,
V422,Valtech Digital,IT Services,2023-04-10,2030-11-16,"Helpdesk,Project Portal,Knowledge Base",MEDIUM,read,2026-05-10T00:00:00,true,2028-10-26,true,true,48,,A,398000,EU,0,LOW,2026-03-15,false,,
V423,Temenos Banking,Fintech,2024-05-08,2027-07-04,"Compliance Module,KYC Platform,Transaction Engine,AML System,Core Banking",LOW,read,2026-04-30T00:00:00,true,2028-04-21,true,true,24,,A,992000,EU,2,LOW,2026-06-07,false,,
V424,Ingenico Payments,Payment,2025-10-13,2031-02-25,"Merchant Portal,Payment Gateway",LOW,read,2026-06-10T00:00:00,true,2026-10-20,true,true,24,,A,358000,EU,0,LOW,2026-04-26,false,,
V425,Mollie Payments,Payment,2023-10-14,2029-02-22,"Fraud Detection,Payment Gateway",LOW,read,2026-06-09T00:00:00,true,2028-09-14,true,true,24,,AAA,938000,EU,1,LOW,2026-03-16,false,,
V426,Nagarro India,IT Services,2024-08-01,2031-04-25,"Resource Mgmt,Knowledge Base",LOW,read,2026-05-15T00:00:00,true,2027-09-06,true,true,24,,AA,3676000,non-EU,0,LOW,2026-01-27,false,,
V427,Monzo Business API,Fintech,2024-06-24,2028-11-02,"Transaction Engine,KYC Platform,Core Banking,Compliance Module",MEDIUM,read,2026-06-09T00:00:00,true,2026-10-28,true,true,24,,A,5034000,EU,0,LOW,2026-05-20,false,,
V428,Adyen Merchant Pay,Payment,2023-08-26,2027-04-07,"Reconciliation,Fraud Detection",MEDIUM,read,2026-05-12T00:00:00,true,2027-06-22,true,true,48,,AAA,5899000,EU,0,LOW,2026-02-19,false,,
V429,Freshworks Support,SaaS,2025-03-12,2031-05-12,"Integration Hub,SaaS Platform",MEDIUM,read,2026-06-20T00:00:00,true,2028-03-19,true,true,48,,A,4983000,non-EU,0,LOW,2026-01-29,false,,
V430,Wordline Payments,Payment,2024-01-14,2028-09-28,"Merchant Portal,Reconciliation,Payment Gateway,Settlement Engine",LOW,read,2026-06-20T00:00:00,true,2027-07-25,true,true,48,,AA,3870000,EU,2,LOW,2026-01-29,false,,
V431,Rippling HR EU,HR,2023-11-25,2027-09-09,"Benefits Admin,Employee Directory,Payroll Engine",LOW,read,2026-05-15T00:00:00,true,2028-04-24,true,true,48,,AAA,8714000,EU,2,LOW,2026-01-31,false,,
V432,Investcloud Digital,Finance,2024-10-25,2029-05-12,"Trading Platform,Compliance Portal,Settlement System,Risk Engine",LOW,read,2026-05-25T00:00:00,true,2027-05-03,true,true,24,,AAA,2521000,EU,2,LOW,2026-02-20,false,,
V433,Infor CloudSuite EU,ERP,2025-12-01,2028-01-27,"Financial Module,Procurement Portal",LOW,read,2026-06-15T00:00:00,true,2026-10-23,true,true,24,,AA,4519000,EU,0,LOW,2026-03-10,false,,
V434,Persistent DevOps,IT Services,2024-08-02,2029-05-11,"Project Portal,Knowledge Base,Timesheet System,Helpdesk,Resource Mgmt",MEDIUM,read,2026-06-16T00:00:00,true,2028-04-27,true,true,24,,A,7622000,non-EU,2,LOW,2026-04-24,false,,
V435,Concardis Payments,Payment,2024-11-22,2026-09-22,"Merchant Portal,Fraud Detection,Payment Gateway,Reconciliation,Settlement Engine",LOW,read,2026-05-08T00:00:00,true,2027-06-02,true,true,48,,A,6958000,EU,2,LOW,2026-03-01,false,,
V436,Verifone EMEA,Payment,2025-03-27,2030-01-26,"Settlement Engine,Payment Gateway",LOW,read,2026-05-16T00:00:00,true,2027-12-02,true,true,48,,AAA,795000,EU,2,LOW,2026-01-11,false,,
V437,Concentrix EMEA,BPO,2024-07-08,2028-02-22,"Document Store,Workflow Engine,Ticket System,CRM Platform,Email Gateway",LOW,read,2026-06-04T00:00:00,true,2028-03-03,true,true,48,,A,7430000,EU,2,LOW,2026-05-14,false,,
V438,Luxoft Engineering,Engineering,2025-10-29,2030-10-20,"PLM System,CAD Platform,Test Management,Code Repository,Simulation Engine",LOW,read,2026-04-26T00:00:00,true,2027-05-03,true,true,24,,A,2090000,EU,0,LOW,2026-03-26,false,,
V439,Kronos Workforce EU,HR,2025-04-12,2030-11-22,"Payroll Engine,Talent Database,HR Portal,Benefits Admin,Employee Directory",LOW,read,2026-06-01T00:00:00,true,2028-11-25,true,true,48,,AAA,7064000,EU,1,LOW,2026-01-24,false,,
V440,Lionbridge Language,BPO,2024-01-23,2028-10-28,"Ticket System,Document Store",MEDIUM,read,2026-05-05T00:00:00,true,2028-10-28,true,true,24,,A,185000,EU,1,LOW,2026-05-27,false,,
V441,Transperfect Language,BPO,2023-09-09,2030-05-29,"Email Gateway,Workflow Engine,CRM Platform,Ticket System,Document Store",LOW,read,2026-05-05T00:00:00,true,2027-02-18,true,true,24,,A,5392000,EU,1,LOW,2026-01-16,false,,
V442,Fiserv Core Banking,Fintech,2025-06-12,2030-08-07,"Core Banking,Transaction Engine,KYC Platform,Compliance Module",LOW,read,2026-05-03T00:00:00,true,2026-10-16,true,true,24,,A,293000,EU,2,LOW,2026-05-23,false,,
V443,Avaloq Banking Suite,Fintech,2024-09-23,2030-06-01,"Core Banking,Compliance Module,KYC Platform,AML System",MEDIUM,read,2026-05-05T00:00:00,true,2027-08-27,true,true,48,,A,5868000,EU,2,LOW,2026-02-06,false,,
V444,Sigmoid Analytics,Analytics,2025-03-27,2027-08-17,"BI Dashboard,Data Warehouse,ETL Pipeline,ML Platform",LOW,read,2026-04-26T00:00:00,true,2027-10-18,true,true,48,,AAA,6036000,non-EU,1,LOW,2026-05-27,false,,
V445,Thought Machine,Fintech,2024-08-30,2031-04-06,"Transaction Engine,Core Banking,KYC Platform,Compliance Module,AML System",LOW,read,2026-05-28T00:00:00,true,2028-03-28,true,true,24,,AAA,9254000,EU,1,LOW,2026-03-28,false,,
V446,Spine HR Suite,HR,2023-11-10,2031-03-10,"Benefits Admin,HR Portal,Talent Database,Employee Directory,Payroll Engine",LOW,read,2026-05-29T00:00:00,true,2028-04-26,false,true,48,,AA,5573000,non-EU,0,LOW,2026-03-27,false,,
V447,Tata Advanced Sys,IT Services,2024-05-09,2028-12-28,"Project Portal,Helpdesk",LOW,read,2026-05-17T00:00:00,true,2027-04-23,false,true,48,,BBB,8392000,non-EU,2,LOW,2025-10-19,false,,
V448,GlobalLogic India,Engineering,2024-09-12,2030-06-25,"Test Management,Code Repository,CAD Platform,PLM System,Simulation Engine",LOW,read,2026-06-14T00:00:00,true,2027-06-24,true,true,48,,AA,7871000,non-EU,0,LOW,2026-04-24,false,,
V449,Tata Elxsi Engineering,Engineering,2023-11-19,2030-02-11,"Code Repository,CAD Platform,Test Management,Simulation Engine",MEDIUM,read,2026-05-09T00:00:00,true,2028-04-10,true,true,72,,AA,9172000,non-EU,1,LOW,2026-05-21,false,,
V450,Modis IT Staffing,Staffing,2024-06-18,2029-11-30,"Payroll System,Onboarding Portal",MEDIUM,read,2026-05-09T00:00:00,true,2027-08-11,true,true,72,,AA,9310000,EU,1,LOW,2025-12-11,false,,
V451,Personio HR Germany,HR,2025-05-08,2029-04-03,"Talent Database,HR Portal",MEDIUM,read,2026-05-09T00:00:00,true,2027-01-13,false,true,48,,A,2677000,EU,1,LOW,2026-03-26,false,,
V452,IDfy Verification,Security,2025-04-08,2030-07-07,"Threat Intelligence,EDR System,SIEM Platform,SOC Dashboard",MEDIUM,read,2026-05-22T00:00:00,true,2028-08-22,true,true,48,,A,898000,non-EU,1,LOW,2025-11-28,false,,
V453,Basware Finance,Finance,2025-02-05,2031-05-01,"Risk Engine,Settlement System,Trading Platform,Compliance Portal",MEDIUM,read,2026-06-18T00:00:00,true,2027-09-28,false,true,48,,BBB,8411000,EU,0,LOW,2026-04-21,false,,
V454,WNS Global Services,BPO,2023-09-18,2029-09-29,"Workflow Engine,CRM Platform,Document Store,Ticket System,Email Gateway",MEDIUM,read,2026-05-08T00:00:00,true,2028-03-14,false,true,72,,BBB,9470000,non-EU,2,LOW,2026-06-01,false,,
V455,Contentful Headless,SaaS,2023-12-08,2030-06-15,"Integration Hub,Admin Console,SaaS Platform,User Analytics",LOW,read,2026-06-18T00:00:00,true,2027-12-29,false,true,72,,AA,3774000,EU,0,LOW,2025-10-12,false,,
V456,SAP Deutschland GmbH,ERP,2025-07-20,2028-11-07,"Inventory System,Reporting Engine,Financial Module,ERP Core",LOW,read,2026-04-27T00:00:00,true,2027-04-19,true,true,72,,A,8443000,EU,3,LOW,2026-01-22,false,,
V457,IBM India,IT Services,2023-08-16,2031-01-09,"Knowledge Base,Project Portal,Helpdesk,Resource Mgmt,Timesheet System",LOW,read,2026-05-01T00:00:00,true,2027-12-08,false,true,48,,AA,1560000,non-EU,0,LOW,2026-05-31,false,,
V458,Atos SE Security,Security,2024-09-02,2029-03-22,"EDR System,Threat Intelligence",MEDIUM,read,2026-06-15T00:00:00,true,2028-05-18,false,true,72,,A,1493000,EU,0,LOW,2025-09-28,false,,
V459,Velocis Systems,Cloud,2024-01-27,2030-10-19,"Container Registry,Compute API,Cloud Storage,CDN,Load Balancer",LOW,read,2026-06-17T00:00:00,true,2027-02-13,true,true,72,,AA,2884000,non-EU,3,LOW,2025-12-27,false,,
V460,Rimini Street ERP,ERP,2024-04-30,2027-06-01,"Inventory System,Procurement Portal",LOW,read,2026-05-01T00:00:00,true,2028-04-16,false,true,48,,BBB,1964000,EU,3,LOW,2026-01-29,false,,
V461,Vention Engineering,Engineering,2025-01-02,2030-10-04,"PLM System,Simulation Engine,Code Repository,CAD Platform,Test Management",MEDIUM,read,2026-05-09T00:00:00,true,2027-01-13,false,true,72,,A,9268000,EU,2,LOW,2025-12-16,false,,
V462,Sopra Steria Group,IT Services,2023-04-05,2029-11-30,"Knowledge Base,Project Portal,Helpdesk",LOW,read,2026-05-08T00:00:00,true,2028-02-10,false,true,72,,A,3751000,EU,3,LOW,2025-12-23,false,,
V463,TCS Digital Services,IT Services,2023-06-13,2030-10-28,"Helpdesk,Project Portal,Resource Mgmt,Knowledge Base,Timesheet System",MEDIUM,read,2026-05-10T00:00:00,true,2028-08-28,false,true,48,,AA,4375000,non-EU,2,LOW,2025-09-01,false,,
V464,Nets Group Payments,Payment,2023-07-13,2028-09-06,"Payment Gateway,Settlement Engine",MEDIUM,read,2026-06-13T00:00:00,true,2028-03-03,true,true,48,,BBB,1874000,EU,2,LOW,2026-04-04,false,,
V465,DXC Technology UK,IT Services,2025-08-06,2028-05-13,"Knowledge Base,Helpdesk,Timesheet System,Resource Mgmt,Project Portal",LOW,read,2026-06-04T00:00:00,true,2028-06-03,true,true,72,,BBB,5911000,EU,3,LOW,2026-03-28,false,,
V466,EXL Analytics,Analytics,2023-09-24,2030-12-03,"ETL Pipeline,Reporting Portal,ML Platform,Data Warehouse",MEDIUM,read,2026-06-13T00:00:00,true,2028-03-27,false,true,48,,A,6488000,non-EU,1,LOW,2025-09-09,false,,
V467,Signzy Fintech,Fintech,2024-09-05,2031-04-03,"KYC Platform,Compliance Module,Transaction Engine,AML System",LOW,read,2026-05-04T00:00:00,true,2027-04-07,true,true,72,,AA,4021000,non-EU,2,LOW,2026-02-23,false,,
V468,Yapily Open Bank,Fintech,2024-04-22,2029-09-28,"Core Banking,Transaction Engine,AML System,Compliance Module,KYC Platform",LOW,read,2026-05-29T00:00:00,true,2026-11-08,false,true,48,,BBB,7659000,EU,3,LOW,2026-03-29,false,,
V469,Hays Technology UK,Staffing,2024-12-02,2027-12-23,"Candidate Database,ATS System,Background Check",LOW,read,2026-05-09T00:00:00,true,2028-01-08,true,true,48,,AA,3366000,EU,1,LOW,2026-05-09,false,,
V470,HCL TechSolutions,Cloud,2025-03-02,2029-12-15,"Load Balancer,Container Registry,Cloud Storage,Compute API",MEDIUM,read,2026-06-18T00:00:00,true,2026-11-30,true,true,48,,AA,4493000,non-EU,1,LOW,2025-11-25,false,,
V471,Acko Tech Insurance,Fintech,2023-05-24,2030-07-03,"AML System,Transaction Engine,Compliance Module,KYC Platform,Core Banking",LOW,read,2026-05-10T00:00:00,true,2028-05-15,false,true,72,,BBB,3130000,non-EU,3,LOW,2026-02-05,false,,
V472,Knowit Consulting,Consulting,2024-02-23,2030-02-21,"Invoice System,Project Portal",MEDIUM,read,2026-05-03T00:00:00,true,2026-11-15,false,true,48,,BBB,225000,EU,0,LOW,2025-08-29,false,,
V473,Deel Global HR,HR,2023-09-14,2028-09-01,"HR Portal,Talent Database,Benefits Admin",LOW,read,2026-05-13T00:00:00,true,2026-10-10,true,true,48,,BBB,7981000,EU,0,LOW,2026-04-09,false,,
V474,Accops Systems,Security,2024-11-12,2027-08-22,"SIEM Platform,SOC Dashboard,EDR System,Vulnerability Scanner,Threat Intelligence",MEDIUM,read,2026-05-14T00:00:00,true,2027-03-16,true,true,72,,BBB,4533000,non-EU,0,LOW,2026-01-30,false,,
V475,Razorpay Payments,Payment,2025-04-25,2029-10-12,"Settlement Engine,Merchant Portal,Payment Gateway,Reconciliation",LOW,read,2026-05-13T00:00:00,true,2027-10-03,true,true,48,,A,8296000,non-EU,2,LOW,2025-11-14,false,,
V476,Velocity Global EU,HR,2023-05-19,2029-08-05,"Benefits Admin,Employee Directory,Talent Database,Payroll Engine",MEDIUM,read,2026-05-12T00:00:00,true,2027-12-24,true,true,48,,AA,2808000,EU,1,LOW,2026-02-15,false,,
V477,Banking Circle,Fintech,2023-09-24,2028-12-20,"Compliance Module,Core Banking",LOW,read,2026-06-06T00:00:00,true,2028-02-18,true,true,72,,BBB,7711000,EU,1,LOW,2025-10-16,false,,
V478,EY India Technology,Consulting,2023-05-07,2030-03-18,"Project Portal,Collaboration Suite,Time Tracking,Document Mgmt,Invoice System",MEDIUM,read,2026-06-10T00:00:00,true,2028-06-07,true,true,72,,AA,3504000,non-EU,0,LOW,2025-11-27,false,,
V479,MultiSafepay,Payment,2025-10-01,2029-12-28,"Payment Gateway,Fraud Detection,Reconciliation",MEDIUM,read,2026-06-08T00:00:00,true,2027-05-31,true,true,72,,BBB,3119000,EU,3,LOW,2025-11-14,false,,
V480,Mastech InfoTrellis,Analytics,2025-12-20,2029-03-04,"BI Dashboard,ML Platform,ETL Pipeline,Reporting Portal,Data Warehouse",MEDIUM,read,2026-05-06T00:00:00,true,2027-09-16,true,true,72,,AA,7216000,non-EU,1,LOW,2026-03-06,false,,
V481,Bob HiBob HR,HR,2025-09-27,2030-08-27,"Employee Directory,Payroll Engine,Talent Database,Benefits Admin",LOW,read,2026-06-05T00:00:00,true,2027-11-20,false,true,72,,BBB,986000,EU,2,LOW,2026-04-22,false,,
V482,Sabre Travel Tech,SaaS,2024-04-12,2028-02-15,"API Layer,Integration Hub",LOW,read,2026-06-04T00:00:00,true,2026-11-04,false,true,48,,BBB,3285000,EU,0,LOW,2025-12-21,false,,
V483,Quick Heal Security,Security,2025-12-02,2026-12-10,"EDR System,SOC Dashboard,Threat Intelligence,Vulnerability Scanner,SIEM Platform",LOW,read,2026-05-26T00:00:00,true,2027-01-02,false,true,48,,A,1932000,non-EU,1,LOW,2026-02-25,false,,
V484,RWS Holdings,SaaS,2024-11-05,2029-01-15,"Integration Hub,SaaS Platform,Admin Console,API Layer,User Analytics",LOW,read,2026-06-02T00:00:00,true,2027-06-19,true,true,48,,BBB,3698000,EU,0,LOW,2026-04-14,false,,
V485,SQLI Digital,SaaS,2025-09-06,2028-01-01,"API Layer,Admin Console,SaaS Platform,User Analytics,Integration Hub",LOW,read,2026-04-30T00:00:00,true,2027-10-31,false,true,72,,A,1076000,EU,3,LOW,2025-10-11,false,,
V486,Zoho CRM Platform,SaaS,2023-10-04,2028-05-07,"API Layer,SaaS Platform,Admin Console,Integration Hub,User Analytics",MEDIUM,read,2026-06-09T00:00:00,true,2026-10-17,false,true,72,,BBB,699000,non-EU,3,LOW,2026-06-07,false,,
V487,K7 Security,Security,2025-06-18,2029-03-22,"Vulnerability Scanner,SIEM Platform,EDR System",LOW,read,2026-04-26T00:00:00,true,2027-11-02,false,true,72,,BBB,5009000,non-EU,3,LOW,2025-09-16,false,,
V488,Tipalti Payments EU,Payment,2025-12-03,2028-02-16,"Merchant Portal,Fraud Detection,Settlement Engine,Reconciliation",MEDIUM,read,2026-05-18T00:00:00,true,2027-04-03,true,true,48,,BBB,7801000,EU,2,LOW,2025-12-31,false,,
V489,Mettl Assessment,HR,2024-11-16,2029-10-03,"HR Portal,Talent Database,Benefits Admin",MEDIUM,read,2026-05-15T00:00:00,true,2026-11-04,false,true,48,,BBB,4107000,non-EU,1,LOW,2026-05-23,false,,
V490,Atom Bank Digital,Fintech,2025-04-02,2028-01-24,"Compliance Module,Core Banking",MEDIUM,read,2026-05-08T00:00:00,true,2028-02-18,true,true,72,,A,1137000,EU,2,LOW,2026-04-28,false,,
V491,DataArt Solutions,IT Services,2023-09-30,2029-06-24,"Helpdesk,Timesheet System,Knowledge Base,Resource Mgmt",LOW,read,2026-05-25T00:00:00,true,2027-06-17,true,true,48,,AA,3715000,EU,2,LOW,2026-03-05,false,,
V492,LTIMindtree IT,IT Services,2024-11-20,2028-06-15,"Helpdesk,Knowledge Base,Timesheet System",MEDIUM,read,2026-05-23T00:00:00,true,2027-12-02,false,true,48,,BBB,6109000,non-EU,1,LOW,2026-03-27,false,,
V493,Keka HR Software,HR,2023-08-10,2028-08-06,"Talent Database,Employee Directory,Benefits Admin,Payroll Engine",MEDIUM,read,2026-05-11T00:00:00,true,2026-10-12,false,true,48,,A,2189000,non-EU,1,LOW,2026-05-10,false,,
V494,Cashfree Payments,Payment,2025-03-24,2026-11-17,"Settlement Engine,Reconciliation",MEDIUM,read,2026-06-14T00:00:00,true,2027-05-22,false,true,48,,A,5530000,non-EU,3,LOW,2025-10-25,false,,
V495,Zensar ERP Solutions,ERP,2025-04-28,2029-03-15,"Procurement Portal,Inventory System,ERP Core,Financial Module",LOW,read,2026-05-23T00:00:00,true,2027-03-28,false,true,48,,AA,5814000,non-EU,3,LOW,2025-09-21,false,,
V496,Charles River Invest,Finance,2025-10-12,2031-01-17,"Risk Engine,Portfolio Mgmt,Compliance Portal,Trading Platform",MEDIUM,read,2026-05-24T00:00:00,true,2026-10-15,true,true,72,,BBB,4745000,EU,2,LOW,2026-03-31,false,,
V497,KPMG India Tech,Consulting,2025-11-26,2029-11-29,"Project Portal,Collaboration Suite,Document Mgmt,Invoice System",MEDIUM,read,2026-06-19T00:00:00,true,2028-03-10,false,true,72,,A,5506000,non-EU,3,LOW,2025-10-03,false,,
V498,Revolut Business,Fintech,2025-03-21,2029-06-07,"Compliance Module,KYC Platform,Transaction Engine",LOW,read,2026-05-17T00:00:00,true,2028-07-01,true,true,48,,AA,9427000,EU,2,LOW,2025-12-21,false,,
V499,Srijan Technologies,SaaS,2024-09-26,2028-07-13,"Integration Hub,API Layer",MEDIUM,read,2026-05-31T00:00:00,true,2027-07-02,false,true,72,,AA,4055000,non-EU,1,LOW,2025-12-04,false,,
V500,Instamojo Payments,Payment,2025-04-04,2029-06-10,"Fraud Detection,Settlement Engine,Reconciliation,Payment Gateway",MEDIUM,read,2026-05-23T00:00:00,true,2028-02-21,true,true,72,,AA,8534000,non-EU,3,LOW,2026-01-20,false,,
